time,open,high,low,close,volume,sma_20,sma_50,sma_200,rsi_14,macd,macd_signal,macd_hist,bb_upper,bb_lower,daily_return,volatility_20d,symbol
2025-02-10,17.909,17.909,17.682,17.773,227900,17.773,17.773,17.773,,0.0,0.0,0.0,,,,,NAF
2025-02-11,17.773,17.864,17.637,17.864,277700,17.8185,17.8185,17.8185,,0.007259259259257078,0.0014518518518514157,0.005807407407405663,,,0.5120126033871575,,NAF
2025-02-12,17.864,17.864,17.546,17.773,181100,17.80333333333333,17.80333333333333,17.80333333333333,,0.005604727234356233,0.002282426928352379,0.0033223003060038536,,,-0.5094043887147404,,NAF
2025-02-13,17.727,17.773,17.546,17.773,240800,17.795749999999998,17.795749999999998,17.795749999999998,,0.004244569924427566,0.0026748555275674163,0.0015697143968601496,,,0.0,,NAF
2025-02-14,17.727,17.909,17.409,17.909,475300,17.8184,17.8184,17.8184,,0.013979551292152337,0.0049357946804844,0.009043756611667937,,,0.7652056490181636,,NAF
2025-02-17,17.909,17.909,17.5,17.773,158900,17.81083333333333,17.81083333333333,17.81083333333333,,0.01059835947151555,0.00606830763869063,0.00453005183282492,,,-0.7593947177396809,,NAF
2025-02-18,17.727,17.818,17.637,17.773,185800,17.80542857142857,17.80542857142857,17.80542857142857,,0.007828498535442208,0.006420345818040947,0.001408152717401261,,,0.0,,NAF
2025-02-19,17.727,17.773,17.5,17.773,330000,17.801375,17.801375,17.801375,,0.005569165909907525,0.006250109836414263,-0.0006809439265067375,,,0.0,,NAF
2025-02-20,17.727,17.727,17.591,17.727,211700,17.793111111111113,17.793111111111113,17.793111111111113,,6.605156329086981e-05,0.0050132981817895845,-0.004947246618498715,,,-0.2588195577561403,,NAF
2025-02-21,17.727,17.727,17.455,17.682,207100,17.782,17.782,17.782,,-0.007836001575089568,0.002443438230413754,-0.010279439805503322,,,-0.25385005923168613,,NAF
2025-02-24,17.637,17.727,17.5,17.727,234500,17.777,17.777,17.777,,-0.010348026095758911,-0.00011485463482077901,-0.010233171460938132,,,0.2544960977265198,,NAF
2025-02-25,17.727,17.727,17.546,17.727,210800,17.772833333333335,17.772833333333335,17.772833333333335,,-0.012198210251884944,-0.0025315257582336124,-0.009666684493651332,,,0.0,,NAF
2025-02-26,17.682,17.773,17.637,17.773,226700,17.772846153846153,17.772846153846153,17.772846153846153,,-0.009839258120624805,-0.003993072230711851,-0.005846185889912954,,,0.2594911716590431,,NAF
2025-02-27,17.773,19.0,17.682,18.773,603300,17.844285714285714,17.844285714285714,17.844285714285714,86.7804792138684,0.07189313181834578,0.011184168579099676,0.0607089632392461,,,5.626512125133631,,NAF
2025-02-28,18.773,18.955,18.546,18.682,316800,17.900133333333333,17.900133333333333,17.900133333333333,80.97378873349771,0.12784992585237376,0.03451732003375449,0.09333260581861927,,,-0.48473872050285305,,NAF
2025-03-03,18.546,18.591,18.364,18.546,361400,17.9405,17.9405,17.9405,73.10126915313754,0.15938473683797838,0.05949080339459927,0.0998939334433791,,,-0.7279734503800372,,NAF
2025-03-04,18.546,18.682,18.455,18.637,379200,17.981470588235293,17.981470588235293,17.981470588235293,74.86235696472431,0.18953440656359177,0.08549952402839778,0.104034882535194,,,0.4906718429850132,,NAF
2025-03-05,18.637,19.273,18.591,19.182,846800,18.048166666666667,18.048166666666667,18.048166666666667,82.3256738321586,0.254471789892051,0.11929397720112843,0.13517781269092255,,,2.9242903900842387,,NAF
2025-03-06,19.182,19.273,18.909,18.909,360200,18.093473684210526,18.093473684210526,18.093473684210526,70.9605284599172,0.2806709159768346,0.15156936495626966,0.12910155102056492,,,-1.4232092586800138,,NAF
2025-03-07,18.909,19.046,18.727,18.864,435000,18.131999999999998,18.131999999999998,18.131999999999998,69.26315837956115,0.29440902426574667,0.18013729681816507,0.1142717274475816,19.168202581290778,17.095797418709218,-0.2379819133745742,,NAF
2025-03-10,18.818,18.818,18.546,18.727,454200,18.1797,18.160333333333334,18.160333333333334,64.22623975679365,0.2908886358964793,0.20228756463382794,0.08860107126265135,19.233993297851566,17.125406702148435,-0.7262510602205285,1.5267111110921616,NAF
2025-03-11,18.637,18.682,18.273,18.318,578800,18.2024,18.1675,18.1675,52.05550650982904,0.2521887460243022,0.2122678009119228,0.0399209451123794,19.247583720943982,17.15721627905602,-2.184012388529921,1.6205917325931571,NAF
2025-03-12,18.318,18.637,18.273,18.591,401800,18.243299999999998,18.185913043478262,18.185913043478262,57.80336525436271,0.2407721514404102,0.2179686710176203,0.0228034804227899,19.281731225708423,17.204868774291572,1.4903373730756675,1.6401341858300562,NAF
2025-03-13,18.637,18.637,18.273,18.364,406800,18.27285,18.19333333333333,18.19333333333333,52.19957102923078,0.21097542176424966,0.21657002116694618,-0.005594599402696521,19.28831303153834,17.257386968461656,-1.2210209241030667,1.6718675043733302,NAF
2025-03-14,18.273,18.591,18.273,18.591,373500,18.30695,18.20924,18.20924,56.718316546414464,0.2033343894337598,0.21392289482030893,-0.010588505386549124,19.316755708253346,17.297144291746655,1.2361141363537387,1.6838649373099284,NAF
2025-03-17,18.409,19.091,18.409,19.091,526400,18.37285,18.243153846153845,18.243153846153845,64.64610701496917,0.23491666450892268,0.2181216487580317,0.016795015750890985,19.407653469772217,17.338046530227782,2.6894734011080557,1.7554924169439787,NAF
2025-03-18,19.091,19.091,18.818,18.955,377300,18.43195,18.269518518518517,18.269518518518517,61.35421190947168,0.24613449638252405,0.22372421828293018,0.022410278099593867,19.457477740906317,17.406422259093684,-0.7123775601068694,1.7706139180149099,NAF
2025-03-19,18.864,18.955,18.409,18.727,454000,18.47965,18.285857142857143,18.285857142857143,56.188483771981005,0.23393041028482742,0.22576545668330966,0.008164953601517755,19.464048566050405,17.495251433949594,-1.2028488525454906,1.8028013440022759,NAF
2025-03-20,18.727,18.727,18.455,18.682,371100,18.5274,18.299517241379313,18.299517241379313,55.20062801937765,0.21811318715661088,0.22423500277796993,-0.00612181562135905,19.44870397292441,17.60609602707559,-0.24029476157421126,1.8025163447730834,NAF
2025-03-21,18.637,18.818,18.546,18.727,340100,18.57965,18.313766666666666,18.313766666666666,56.03307577846333,0.2068248990971071,0.22075298204179736,-0.013928082944690251,19.41345453976115,17.74584546023885,0.240873568140465,1.7982253173914777,NAF
2025-03-24,18.637,19.091,18.5,19.091,508600,18.64785,18.33883870967742,18.33883870967742,62.15838816693281,0.2246608568955324,0.22153455701254438,0.003126299882988015,19.40787556051199,17.887824439488007,1.9437176269557321,1.8351398479753622,NAF
2025-03-25,19.091,19.091,18.773,19.046,395500,18.7138,18.3609375,18.3609375,61.026466954322984,0.23248491663053272,0.22372462893614206,0.008760287694390662,19.35736821091882,18.070231789081177,-0.2357131632706566,1.8385101209873487,NAF
2025-03-26,19.046,19.046,18.546,18.637,449500,18.757,18.36930303030303,18.36930303030303,51.79447589822736,0.20333869657526904,0.21964744246396745,-0.016308745888698406,19.227346792551145,18.286653207448857,-2.147432531765192,1.9233078295847388,NAF
2025-03-27,18.546,18.591,18.273,18.318,503200,18.73425,18.36779411764706,18.36779411764706,45.955141894981764,0.15273879543140012,0.20626571305745398,-0.053526917626053855,19.24372604664523,18.22477395335477,-1.7116488705263722,1.4974348970456193,NAF
2025-03-28,18.318,18.5,17.909,18.364,408500,18.718349999999997,18.367685714285717,18.367685714285717,46.885067782411824,0.11502390085507486,0.18801735061697816,-0.0729934497619033,19.25387464192159,18.182825358078404,0.25111911780761886,1.496834607415906,NAF
2025-03-31,18.182,18.455,17.955,18.455,269500,18.7138,18.37011111111111,18.37011111111111,48.76327524231021,0.09142363985248281,0.1686986084640791,-0.0772749686115963,19.256981892574707,18.17061810742529,0.4955347418862832,1.4937511914484234,NAF
2025-04-01,18.455,18.455,18.091,18.318,295400,18.69785,18.368702702702706,18.368702702702706,46.11920723591597,0.06096276710284698,0.1471514401918327,-0.08618867308898573,19.26856378207699,18.12713621792301,-0.7423462476293552,1.4972651640368873,NAF
2025-04-02,18.318,18.318,17.955,17.955,408000,18.636499999999998,18.357815789473683,18.357815789473683,39.93968215839871,0.007445413614071583,0.11921023487628049,-0.11176482126220891,19.250253079100425,18.02274692089957,-1.9816573861775488,1.3769479956316466,NAF
2025-04-03,16.773,19.091,16.727,19.091,1223800,18.645599999999998,18.376615384615384,18.376615384615384,58.62402703017517,0.05605209776258846,0.1065786074535421,-0.05052650969095364,19.281367054327614,18.009832945672382,6.326928432191603,2.000003877398897,NAF
2025-04-04,17.773,17.773,17.773,17.773,593100,18.591050000000003,18.361525,18.361525,42.21510953519176,-0.011644113776466014,0.08293406320754049,-0.0945781769840065,19.32720887158311,17.854891128416895,-6.903776648682635,2.5367928655765337,NAF
2025-04-08,16.546,17.046,16.546,16.546,344000,18.482,18.317243902439024,18.317243902439024,32.96459543522565,-0.16243010157741722,0.033861230250548956,-0.19629133182796618,19.65180214251452,17.31219785748548,-6.903730377538963,2.9397562858367468,NAF
2025-04-09,15.409,16.546,15.409,16.273,1478900,18.379749999999998,18.268571428571427,18.268571428571427,31.320131715600795,-0.30049399399608134,-0.03300981459877711,-0.26748417939730423,19.91143361100147,16.848066388998525,-1.6499456061888074,2.926774592089197,NAF
2025-04-10,17.409,17.409,17.364,17.409,172100,18.32065,18.248581395348836,18.248581395348836,43.868412759293115,-0.3146181946774185,-0.08933149061450538,-0.2252867040629131,19.908209036614647,16.733090963385354,6.9808885884594,3.3543881830761846,NAF
2025-04-11,17.409,17.773,16.409,17.591,477800,18.282,18.233636363636364,18.233636363636364,45.5837944814465,-0.3075802528217437,-0.13298124305595305,-0.17459900976579068,19.90241359242827,16.66158640757173,1.0454362685967222,3.359006347797465,NAF
2025-04-14,17.591,18.046,17.364,17.682,194600,18.23655,18.22137777777778,18.22137777777778,46.46473802146738,-0.29130174848670976,-0.1646453441421044,-0.12665640434460534,19.871398838980465,16.601701161019538,0.5173099880620535,3.3470943455852464,NAF
2025-04-15,17.637,17.818,17.455,17.727,223900,18.16835,18.21063043478261,18.21063043478261,46.92233947748725,-0.2716385129138281,-0.18604397789644916,-0.08559453501737896,19.76650700104839,16.57019299895161,0.2544960977265198,3.280190266737354,NAF
2025-04-16,17.773,18.5,17.727,18.5,595100,18.1456,18.216787234042553,18.216787234042553,54.16929602194683,-0.19147343076511447,-0.18712986847018223,-0.0043435622949322406,19.70918729243129,16.582012707568712,4.360579906357542,3.440379366910503,NAF
2025-04-17,18.637,19.0,18.364,19.0,519400,18.15925,18.233104166666667,18.233104166666667,58.149620513395845,-0.08659795693618122,-0.16702348616338203,0.08042552922720081,19.748759805270986,16.569740194729015,2.7027027027026973,3.482979558586303,NAF
2025-04-18,18.818,19.182,18.682,18.955,560600,18.172900000000002,18.247836734693877,18.247836734693877,57.66422517151215,-0.007033435196287741,-0.1350254759699632,0.12799204077367546,19.785827759663995,16.55997224033601,-0.23684210526316862,3.4829603166413277,NAF
2025-04-21,18.909,18.955,18.455,18.818,357000,18.17745,18.25924,18.25924,56.12811655452411,0.044454818989624556,-0.09912941697804566,0.14358423596767023,19.79745707925678,16.55744292074322,-0.7227644420996882,3.48801216884242,NAF
2025-04-22,18.727,18.818,17.546,18.727,616100,18.15925,18.278319999999997,18.26841176470588,55.078565441959405,0.07702875239466067,-0.06389778310350439,0.14092653549816506,19.7438346708041,16.5746653291959,-0.4835795514932517,3.461961273272228,NAF
2025-04-23,18.727,18.818,18.455,18.818,294300,18.14785,18.297399999999996,18.278980769230767,55.96531844421836,0.10893107910920818,-0.02933201066096187,0.13826308977017004,19.708675864389534,16.587024135610463,0.4859294067389497,3.4635658397269227,NAF
2025-04-24,18.818,18.864,18.5,18.818,283200,18.1569,18.3183,18.289150943396226,55.96531844421836,0.13268439970767787,0.003071271412766075,0.12961312829491178,19.731704101434435,16.582095898565566,0.0,3.4266826366321905,NAF
2025-04-25,18.818,18.955,18.591,18.955,341900,18.18875,18.34194,18.30148148148148,57.43247347619906,0.1607112531713497,0.034599267764482806,0.1261119854068669,19.802556206979073,16.574943793020925,0.7280263577425616,3.4019732719310625,NAF
2025-04-28,18.955,20.227,18.864,19.682,639700,18.254649999999998,18.3774,18.32658181818182,64.24115680154287,0.2388324488688518,0.07544590398535661,0.1633865448834952,20.00080285699734,16.508497143002657,3.835399630704295,3.49645126518441,NAF
2025-04-29,19.727,19.773,19.591,19.773,267100,18.32055,18.4174,18.352410714285714,64.99589335327212,0.3045760358242333,0.12127193035313195,0.18330410547110138,20.193424343158966,16.447675656841035,0.4623513870541718,3.4964141302605922,NAF
2025-05-05,19.773,19.773,19.546,19.773,364800,18.3933,18.4574,18.377333333333333,64.99589335327212,0.35261359214740295,0.16754026271198616,0.1850733294354168,20.37559692395887,16.41100307604113,0.0,3.4875358290745004,NAF
2025-05-06,19.773,20.318,19.637,19.682,315500,18.47965,18.49558,18.399827586206897,63.44291843403641,0.37897220645020013,0.20982665145962898,0.16914555499057116,20.530818834950853,16.428481165049146,-0.4602235371466201,3.4482852790408827,NAF
2025-05-07,19.637,19.818,19.637,19.727,359900,18.51145,18.53558,18.422322033898304,63.90223764570157,0.39889451444869195,0.24764022405744157,0.15125429039125038,20.621404000496334,16.401495999503666,0.22863530129053622,3.1655272006803155,NAF
2025-05-08,19.727,19.773,19.591,19.727,329700,18.60915,18.57648,18.444066666666668,63.90223764570157,0.4099573538839927,0.2801036500227518,0.1298537038612409,20.75577038170652,16.46252961829348,0.0,2.68933204416197,NAF
2025-05-09,19.773,19.773,19.364,19.5,461200,18.75685,18.61194,18.461377049180328,59.52664194692898,0.39584467989302397,0.30325185599680626,0.0925928238962177,20.702891626103167,16.810808373896833,-1.1507071526334456,2.0902511244496575,NAF
2025-05-12,19.546,19.546,19.0,19.364,417800,18.9114,18.64468,18.47593548387097,57.00806537964255,0.3694276882488978,0.3164870224472246,0.052940665801673226,20.481517447836286,17.341282552163715,-0.6974358974358941,2.040679149149076,NAF
2025-05-13,19.273,19.455,19.046,19.455,659100,19.0137,18.67832,18.491476190476188,58.28002971014548,0.35177987213741346,0.32354559238526237,0.028234279752151092,20.43081465197493,17.59658534802507,0.46994422639949907,1.4530122341335558,NAF
2025-05-14,19.455,19.818,19.455,19.818,428300,19.12505,18.699219999999997,18.512203125,62.9846033190747,0.3629016131083347,0.3314167965298769,0.03148481657845781,20.415815823271686,17.834284176728318,1.8658442559753352,1.4785866117284086,NAF
2025-05-15,20.0,20.273,19.818,20.227,514000,19.252299999999998,18.730120000000003,18.538584615384615,67.43978038594254,0.40010637753730904,0.34515471273136333,0.05495166480594571,20.441896322508697,18.0627036774913,2.0637804016550465,1.5136170329289138,NAF
2025-05-16,20.318,20.455,20.182,20.273,496000,19.3796,18.76466,18.564863636363636,67.90762711572717,0.42836530832881436,0.36179683185085354,0.06656847647796083,20.417116751925583,18.342083248074417,0.22741879665792997,1.5140347077846348,NAF
2025-05-19,20.227,20.273,20.0,20.182,350800,19.4637,18.795560000000002,18.589,65.89061693388577,0.43836458107624665,0.37711038169593214,0.06125419938031451,20.47331568508955,18.45408431491045,-0.4488728851181456,1.2599684196227603,NAF
2025-05-20,20.182,20.273,20.0,20.137,349400,19.520549999999997,18.81466,18.61176470588235,64.86460335894131,0.43761341777493,0.3892109889117317,0.04840242886319829,20.548113797481506,18.492986202518487,-0.22297096422553286,1.1487975708034592,NAF
2025-05-21,20.455,20.546,20.046,20.364,373900,19.591,18.84376,18.637159420289855,67.60495414140787,0.4501461141311687,0.40139801395561914,0.048748100175549536,20.648082579057686,18.533917420942316,1.1272781447087432,1.155895141317324,NAF
2025-05-22,20.273,20.5,20.091,20.091,458000,19.65465,18.868299999999998,18.657928571428574,61.40243172745991,0.4330575302036479,0.40772991720522495,0.025327612998422955,20.6681594370292,18.6411405629708,-1.3406010606953456,1.1941311076412329,NAF
2025-05-23,20.091,20.273,20.0,20.273,302100,19.731949999999998,18.89922,18.68067605633803,63.78771093579737,0.42925242849173273,0.4120344194625265,0.017218009029206227,20.681356789859564,18.78254321014043,0.9058782539445476,1.184409515717942,NAF
2025-05-26,20.273,20.364,20.0,20.137,458200,19.7979,18.9356,18.700902777777777,60.76574006486727,0.4105304550309228,0.41173362657620577,-0.0012031715452829883,20.65914705178618,18.936652948213816,-0.6708429931435833,1.2082027408450036,NAF
2025-05-27,20.137,20.546,20.091,20.546,407100,19.884300000000003,18.9747,18.72617808219178,65.98483213045799,0.4238106130883388,0.4141490238786324,0.00966158920970639,20.675494460094402,19.093105539905604,2.031087053682268,1.261750466797117,NAF
2025-05-28,20.546,20.727,20.455,20.637,285300,19.968400000000003,19.02016,18.752,67.03553118756219,0.43664480400981276,0.4186481799048685,0.017996624104944237,20.698929555581977,19.23787044441803,0.44290859534703575,1.260026017861314,NAF
2025-05-29,20.727,20.909,20.455,20.546,340600,20.0116,19.05926,18.77592,64.8773711277752,0.43446481337552356,0.4218115065989996,0.012653306776523987,20.772378105833518,19.250821894166485,-0.44095556524689217,0.9852211596727101,NAF
2025-05-30,20.546,20.546,20.137,20.5,305900,20.04795,19.08744,18.798605263157896,63.759922670448226,0.424136161871445,0.4222764376534887,0.0018597242179562712,20.829904225339412,19.26599577466059,-0.2238878613842088,0.9882679266635813,NAF
2025-06-02,20.455,20.5,20.364,20.364,324700,20.0775,19.11562,18.818935064935065,60.445094090323465,0.4003614501588899,0.417893440154569,-0.017531989995679065,20.860372578191402,19.2946274218086,-0.663414634146342,1.0057934620565525,NAF
2025-06-03,20.364,20.909,20.318,20.364,347800,20.1116,19.14836,18.83874358974359,60.44509409032347,0.3771720156244527,0.4097491552485457,-0.03257713962409303,20.881238438694186,19.341961561305812,0.0,0.9962654897523305,NAF
2025-06-04,20.273,20.5,20.273,20.409,337900,20.1457,19.1829,18.858620253164556,61.218802784714754,0.3582951422356544,0.3994583526459675,-0.04116321041031312,20.903939539987093,19.38746046001291,0.22097819681790032,0.9962453268946104,NAF
2025-06-05,20.364,20.546,20.318,20.455,199700,20.1821,19.21746,18.878575,62.036280419084925,0.3430919492132567,0.38818507195942537,-0.04509312274616867,20.925458212155334,19.438741787844663,0.22539075897887173,0.9954387417464347,NAF
2025-06-06,20.455,20.727,20.455,20.591,345700,20.23665,19.24746,18.899716049382715,64.42397023620522,0.33811973873458356,0.37817200531445705,-0.040052266579873486,20.92752077777163,19.545779222228372,0.6648741139085868,0.9488118970405897,NAF
2025-06-09,20.591,20.591,20.364,20.455,249900,20.2912,19.27564,18.918682926829266,60.33721088826427,0.3195219129893623,0.36644198684943813,-0.04692007386007585,20.85199477435796,19.73040522564204,-0.6604827351755715,0.9468487870926353,NAF
2025-06-10,20.5,20.591,20.364,20.546,320300,20.345750000000002,19.31382,18.938289156626507,62.07097659007494,0.30856895079023516,0.3548673796375975,-0.04629842884736235,20.75614384164846,19.935356158351546,0.44487900268883607,0.946598841318449,NAF
2025-06-11,20.546,21.137,20.546,21.0,424400,20.40485,19.36746,18.962833333333332,69.28472119058961,0.3326876390867568,0.3504314315274294,-0.01774379244067259,20.835192959925813,19.974507040074187,2.2096758493137303,0.9795152352097254,NAF
2025-06-12,21.046,21.182,20.909,21.046,333200,20.4458,19.4211,18.987341176470586,69.90918843755165,0.3514622508394538,0.3506375953898343,0.0008246554496195158,20.953753831304237,19.93784616869576,0.2190476190476076,0.8865999799378133,NAF
2025-06-13,20.955,21.182,20.727,21.046,448200,20.48445,19.472920000000002,19.011279069767443,69.90918843755165,0.36216643667602,0.35294336364707146,0.009223073028948536,21.051266585947406,19.91763341405259,0.0,0.8877194582120259,NAF
2025-06-16,21.046,21.046,20.773,20.909,388100,20.520799999999998,19.524739999999998,19.033091954022986,65.3219980509388,0.3554968792924065,0.3534540667761385,0.0020428125162679778,21.09907787893275,19.942522121067245,-0.6509550508410178,0.8964925632423286,NAF
2025-06-17,20.955,21.273,20.909,21.046,437900,20.566250000000004,19.58656,19.055965909090908,67.61074681451558,0.35714897103695264,0.35419304762830134,0.0029559234086513064,21.160192004965946,19.97230799503406,0.6552202400879947,0.8971767500480488,NAF
2025-06-18,21.046,21.318,21.046,21.091,795300,20.602600000000002,19.626559999999998,19.07883146067416,68.34966939269577,0.3579630147566206,0.35494704105396524,0.0030159737026553834,21.232332574819882,19.972867425180123,0.21381735246603917,0.8717054276724324,NAF
2025-06-19,21.091,21.364,21.0,21.364,620400,20.666249999999998,19.69838,19.10422222222222,72.4552259010992,0.37629922547992933,0.3592174779391581,0.01708174754077124,21.334420124885323,19.998079875114673,1.294390972452697,0.8279523751210763,NAF
2025-06-20,21.455,22.455,21.364,22.364,852600,20.7708,19.81474,19.140043956043954,81.77894724099767,0.4661489720525509,0.38060377676183665,0.08554519529071425,21.758059812228726,19.783540187771276,4.68077139112526,1.278445418034144,NAF
2025-06-23,22.455,22.818,22.364,22.637,715500,20.8958,19.94202,19.178054347826087,83.42813045750655,0.5530096114236649,0.41508494369420235,0.13792466772946255,22.143808029663692,19.64779197033631,1.2207118583437593,1.2570873302423735,NAF
2025-06-24,22.682,22.682,21.818,22.273,638900,20.98215,20.0393,19.211333333333332,73.83263842694555,0.5857236780372297,0.4492126905628078,0.13651098747442186,22.360435170248195,19.603864829751807,-1.6079869240623768,1.3007682595091679,NAF
2025-06-25,22.273,22.546,21.818,22.227,498100,21.061649999999997,20.13202,19.24341489361702,72.69475197130686,0.6010099276286311,0.47957213797597253,0.12143778965265861,22.53617404809851,19.587125951901484,-0.2065280833295935,1.308048367618781,NAF
2025-06-26,22.227,22.455,22.046,22.455,426900,21.1571,20.22748,19.277221052631578,74.77026263042467,0.6243252522073206,0.5085227608222422,0.11580249138507837,22.734630768738143,19.579569231261857,1.0257794574166423,1.3007077183926514,NAF
2025-06-27,22.409,22.546,21.909,22.137,602100,21.23895,20.31568,19.307010416666667,67.10842657192538,0.6101099053421137,0.5288401897262166,0.08126971561589713,22.842584093321452,19.635315906678546,-1.4161656646626497,1.3593684604314695,NAF
2025-06-30,22.091,22.137,21.773,22.137,463800,21.3276,20.38842,19.336185567010308,67.10842657192539,0.5920197058854164,0.5414760929580565,0.05054361292735987,22.923587125657008,19.731612874342993,0.0,1.3401794287484354,NAF
2025-07-01,22.091,22.227,21.955,22.137,545800,21.416249999999998,20.45116,19.36476530612245,67.10842657192539,0.571099809377916,0.5474008362420285,0.023698973135887536,22.983581473354683,19.848918526645313,0.0,1.3401794287484354,NAF
2025-07-02,22.137,23.182,22.091,23.137,944000,21.55265,20.5348,19.402868686868686,76.54735524543645,0.6279733969076133,0.5635153483751455,0.06445804853246784,23.22237021293192,19.88292978706808,4.517323937299533,1.6204895364732836,NAF
2025-07-03,23.137,23.182,22.409,22.546,753800,21.6572,20.609360000000002,19.4343,64.72550009058114,0.6182307843236714,0.5744584355648508,0.043772348758820634,23.299158471171655,20.015241528828344,-2.5543501750443065,1.7703350604804435,NAF
2025-07-04,22.546,22.728,22.364,22.728,488200,21.76405,20.68938,19.466910891089107,66.44416829226843,0.6180708367513716,0.5831809158021549,0.034889920949216724,23.391940009862537,20.136159990137465,0.807238534551602,1.7713082410495162,NAF
2025-07-07,22.728,22.955,21.909,22.046,689800,21.843600000000002,20.753940000000004,19.492196078431373,55.526515739780805,0.5564974209981273,0.5778442168413495,-0.021346795843222188,23.353353747783753,20.33384625221625,-3.0007039774727295,1.923436126859214,NAF
2025-07-08,22.0,22.455,21.818,22.455,324900,21.93905,20.826679999999996,19.520961165048544,59.79324458799866,0.5345410705248064,0.5691835875780409,-0.03464251705323451,23.34091139040008,20.537188609599923,1.8552118298103881,1.951106960097317,NAF
2025-07-09,22.182,22.364,21.546,22.0,711600,21.98905,20.88758,19.54479807692308,53.62917189492488,0.47495086920782015,0.5503370439039967,-0.07538617469617659,23.31939803123477,20.65870196876523,-2.026274771765746,1.9812151526832948,NAF
2025-07-10,21.909,22.0,21.818,22.0,237200,22.03675,20.933940000000003,19.568180952380953,53.62917189492488,0.4228508440254757,0.5248398039282925,-0.10198895990281687,23.2909592287467,20.782540771253302,0.0,1.9820082922435969,NAF
2025-07-11,22.0,22.182,21.637,21.637,411200,22.066300000000002,20.971220000000002,19.587698113207544,48.95919732642322,0.34825565798203684,0.4895229747390414,-0.14126731675700455,23.24797536730014,20.884624632699865,-1.649999999999996,2.026383779216682,NAF
2025-07-14,21.273,21.273,20.137,20.137,388800,22.027700000000003,20.9785,19.592831775700933,35.28565758233111,0.16618529104792756,0.42485543800081865,-0.2586701469528911,23.403104262102687,20.65229573789732,-6.932569210149286,2.571766267910313,NAF
2025-07-15,19.137,19.955,19.137,19.909,663200,21.97085,20.983040000000003,19.59575925925926,33.743037047177026,0.003455684007835913,0.34057548720222214,-0.3371198031943862,23.58957376954963,20.352126230450367,-1.1322441277250905,2.5731420547896433,NAF
2025-07-16,19.909,19.909,19.364,19.909,262700,21.91175,20.98668,19.598633027522936,33.743037047177026,-0.12407840337694154,0.24764470908638941,-0.37172311246333095,23.73865418323911,20.084845816760893,0.0,2.57157660879659,NAF
2025-07-17,19.909,19.909,19.5,19.727,572300,21.829900000000002,20.98668,19.599800000000002,32.430474221594764,-0.23710279203023177,0.15069520886306517,-0.38779800089329697,23.8917139075759,19.768086092424102,-0.9141594253854968,2.5488026524279443,NAF
2025-07-18,19.727,19.727,19.409,19.727,375200,21.698050000000002,20.99122,19.600945945945945,32.430474221594764,-0.32295263736223845,0.05596563961800445,-0.3789182769802429,23.945005879921883,19.45109412007812,0.0,2.259407819998628,NAF
2025-07-21,19.546,19.727,19.546,19.727,267400,21.552550000000004,20.99848,19.602071428571428,32.430474221594764,-0.38653354025925424,-0.032534196357447295,-0.35399934390180693,23.917284632936703,19.187815367063305,0.0,2.2238214526375715,NAF
2025-07-22,19.727,19.727,19.409,19.682,227900,21.423,21.003020000000003,19.60277876106195,32.04552933338894,-0.4355324409306043,-0.1131338452720787,-0.3223985956585256,23.902647767855612,18.943352232144385,-0.22811375272470125,2.2143050226400414,NAF
2025-07-23,19.682,19.727,19.455,19.637,150500,21.2935,20.9994,19.603078947368424,31.641064261285976,-0.47254830395310776,-0.18501673700828453,-0.28753156694482324,23.865170642741138,18.721829357258866,-0.22863530129051401,2.2141075713542415,NAF
2025-07-24,19.637,19.727,19.546,19.727,127200,21.1571,20.9894,19.60415652173913,33.450215632410604,-0.4889846831991882,-0.24581032624646526,-0.24317435695272294,23.758590172149272,18.555609827850727,0.4583184804196172,2.195820133850388,NAF
2025-07-25,19.773,20.0,19.546,19.909,188400,21.0457,20.98212,19.606784482758624,37.0768488774739,-0.48177119476578767,-0.2930024999503298,-0.18876869481545788,23.661287614365236,18.430112385634764,0.9225933999087443,2.2135191486394734,NAF
2025-07-28,19.955,20.182,19.909,20.046,319400,20.94115,20.979400000000002,19.61053846153846,39.73896757816313,-0.4597005563092402,-0.3263421112221119,-0.13335844508712835,23.54017890974379,18.34212109025621,0.6881309960319548,2.2270935949402926,NAF
2025-07-29,20.364,20.727,20.0,20.5,1368300,20.859299999999998,20.98666,19.61807627118644,47.64399565685823,-0.4009534685577094,-0.3412643826892314,-0.05968908586847799,23.402260818871493,18.3163391811285,2.2647909807443023,2.308392229874098,NAF
2025-07-30,19.909,21.909,19.909,21.909,2241300,20.7979,21.017560000000003,19.637327731092437,63.60214341708929,-0.2379584172588416,-0.3206031896031535,0.08264477234431189,23.16233560863226,18.433464391367735,6.873170731707301,2.6105738447246316,NAF
2025-07-31,22.182,23.409,21.909,23.409,1146600,20.84105,21.08392,19.668758333333336,73.02756993527451,0.012114154753191997,-0.25405972073188443,0.2661738754850764,23.365869574585542,18.316230425414457,6.846501437765307,2.9905821062937297,NAF
2025-08-01,23.546,24.591,23.409,24.5,1067700,20.92965,21.16846,19.708685950413226,77.57595594840953,0.2949332450218449,-0.14426112758113857,0.4391943726029835,23.829748965643432,18.029551034356565,4.660600623691757,3.1496147497043183,NAF
2025-08-04,24.455,25.091,24.409,25.091,882600,21.081899999999997,21.267540000000004,19.752803278688525,79.58434553104196,0.5602993898759507,-0.003349024089720709,0.5636484139656714,24.501879125821148,17.661920874178847,2.4122448979591926,3.071546538522942,NAF
2025-08-05,25.091,25.455,24.409,25.0,1457800,21.20915,21.356620000000003,19.795463414634145,78.41968935368445,0.7545629006320063,0.1482333608546247,0.6063295397773816,25.0121813269396,17.4061186730604,-0.3626798453628788,3.0674304166818493,NAF
2025-08-06,25.182,25.364,24.864,25.364,731400,21.37735,21.45116,19.840370967741936,79.69943285049246,0.9272016865447945,0.3040270259926587,0.6231746605521358,25.601864535796704,17.152835464203296,1.4560000000000128,3.0098422681416417,NAF
2025-08-07,25.364,25.728,25.364,25.682,631900,21.56145,21.55388,19.887104,80.77219950662047,1.0772611149773788,0.45867384378960274,0.618587271187776,26.200765896710788,16.922134103289213,1.2537454660148217,3.0063067988412913,NAF
2025-08-08,25.818,26.046,25.682,26.046,903300,21.7819,21.6648,19.935984126984128,81.94812132397986,1.2115896003308002,0.6092569950978423,0.602332605232958,26.836735388022017,16.727064611977983,1.4173350985125843,2.9514402108302136,NAF
2025-08-11,26.046,26.364,26.0,26.091,591300,22.0796,21.77934,19.98444881889764,82.09391720100055,1.30661517033327,0.7487286301449279,0.5578865401883422,27.4197972129954,16.739402787004597,0.1727712508638568,2.3070893765855907,NAF
2025-08-12,26.228,26.228,25.455,25.909,766700,22.3796,21.89024,20.030734375,79.30418509217893,1.3516566833513508,0.8693142407862124,0.48234244256513836,27.87815301157061,16.88104698842939,-0.6975585450921806,2.2846304433431763,NAF
2025-08-13,25.864,26.137,25.864,26.0,588500,22.68415,22.00206,20.077007751937987,79.67607449587378,1.3788013823444167,0.9712116690978534,0.40758971324656335,28.280395405814943,17.087904594185055,0.351229302558953,2.2750388941232953,NAF
2025-08-14,25.909,26.182,25.909,26.091,674200,23.00235,22.11478,20.123269230769232,80.06190766381103,1.3916150196484516,1.055292339207973,0.33632268044047864,28.614314447312037,17.390385552687963,0.35000000000000586,2.225334256668798,NAF
2025-08-15,26.091,26.182,26.0,26.046,775900,23.3183,22.223879999999998,20.168480916030532,79.26058935360265,1.3822055899618846,1.1206749893587553,0.26153060060312927,28.86497445554442,17.77162554445558,-0.17247326664368012,2.231495272766942,NAF
2025-08-18,26.091,26.364,26.046,26.228,740200,23.643349999999998,22.339340000000004,20.214386363636365,80.12692801509039,1.3736004175298255,1.1712600749929694,0.20234034253685618,29.064407510932856,18.22229248906714,0.6987637257160451,2.2134584368179158,NAF
2025-08-19,26.318,26.455,26.228,26.318,598800,23.975150000000003,22.45478,20.260278195488723,80.55939880643449,1.3583843944844283,1.2086849388912613,0.149699455593167,29.183483212519242,18.766816787480764,0.34314473082202035,2.1941729246754185,NAF
2025-08-20,26.273,26.546,26.137,26.546,721000,24.320600000000002,22.565700000000003,20.30718656716418,81.64890754871786,1.3491708790558725,1.2367821269241834,0.11238875213168908,29.225055563969025,19.41614443603098,0.8663272285127865,2.162587256754016,NAF
2025-08-21,26.818,27.137,26.5,27.091,624600,24.688799999999997,22.6866,20.357437037037037,83.96257997361039,1.3700529295998152,1.26343628745931,0.10661664214050526,29.233722700981172,20.143877299018822,2.0530400060272846,2.1499624967208373,NAF
2025-08-22,27.182,27.5,27.0,27.364,690300,25.06155,22.812959999999997,20.40895588235294,84.98386934881037,1.392578149489232,1.2892646598652944,0.1033134896239376,29.156447645401535,20.966652354598466,1.0077147392122843,2.1485933068274075,NAF
2025-08-25,27.409,28.273,27.364,28.273,1068200,25.4729,22.960240000000002,20.466357664233577,87.77536068302915,1.4668690978414638,1.3247855474605283,0.14208355038093545,29.068873766077132,21.876926233922866,3.3218827656775307,2.1688220924412085,NAF
2025-08-26,28.637,30.228,28.273,30.228,1218400,25.959300000000002,23.14388,20.53709420289855,91.45471942677682,1.6643122158058432,1.3926908811295913,0.27162133467625194,29.3488170343745,22.569782965625507,6.91472429526403,2.4564209502820793,NAF
2025-08-27,30.455,32.319,30.046,30.228,1234800,26.37525,23.32662,20.60681294964029,91.45471942677682,1.8000375963670407,1.4741602241770813,0.3258773721899595,29.713339707412892,23.03716029258711,0.0,2.2049675728300597,NAF
2025-08-28,30.046,30.228,28.137,29.546,1284300,26.682100000000002,23.490260000000003,20.670664285714285,81.52710134892457,1.831457337873772,1.5456196469164194,0.28583769095735256,30.00032342447519,23.363876575524813,-2.2561863173216956,2.0051297774887615,NAF
2025-08-29,29.591,29.637,28.728,29.637,1096100,26.93895,23.635720000000003,20.734255319148936,81.81082377909273,1.8424618950329048,1.6049880965397167,0.23747379849318806,30.340213447912294,23.537686552087703,0.307994313951121,1.83778884959859,NAF
2025-09-03,29.546,29.637,29.5,29.591,517300,27.16395,23.7748,20.79662676056338,81.13247279548669,1.8264174666529307,1.6492739705623596,0.17714349609057112,30.644928898921364,23.682971101078635,-0.15521139116644322,1.8214813148586844,NAF
2025-09-04,29.682,29.728,29.409,29.455,767800,27.3867,23.91844,20.857174825174827,79.04564130956085,1.7821841684446547,1.6758560101388187,0.10632815830583597,30.854769270236226,23.918630729763777,-0.4595992024602147,1.8249848295429234,NAF
2025-09-05,29.455,29.5,29.137,29.137,758400,27.575349999999997,24.056639999999998,20.914673611111112,74.2373785718205,1.7018511380143018,1.6810550357139153,0.02079610230038642,30.990212393775177,24.160487606224816,-1.0796129689356615,1.8674233784965497,NAF
2025-09-08,29.091,29.273,28.909,29.273,618600,27.7549,24.193,20.972317241379308,74.93947521468624,1.6303668419447739,1.670917396960087,-0.04055055501531313,31.127969250463135,24.381830749536864,0.46676047637024265,1.863692761593942,NAF
2025-09-09,29.273,29.546,29.091,29.455,626600,27.92535,24.339360000000003,21.030417808219177,75.88654807869341,1.5702994664835188,1.6507938108647735,-0.08049434438125469,31.279295627717165,24.57140437228284,0.6217333378881529,1.8554315081013963,NAF
2025-09-10,29.455,29.637,29.409,29.546,644900,28.0981,24.487540000000003,21.088346938775512,76.36745216279789,1.512602241076742,1.623155496907167,-0.11055325583042519,31.409875920464316,24.78632407953568,0.3089458496010833,1.8539038610348582,NAF
2025-09-11,29.546,29.682,29.546,29.591,599900,28.2822,24.636619999999997,21.145797297297296,76.61580963023472,1.453749973409593,1.5892743922076522,-0.1355244187980591,31.489299663657246,25.075100336342754,0.15230488052528912,1.8312436604219928,NAF
2025-09-12,29.591,29.818,29.318,29.546,637700,28.459500000000002,24.7648,21.202174496644293,75.7584121090355,1.3874839520360744,1.548916304173337,-0.16143235213726248,31.524278415618483,25.39472158438152,-0.15207326551992528,1.839469194488686,NAF
2025-09-15,29.546,29.909,29.5,29.728,776100,28.64135,24.90844,21.259013333333332,76.88508955605717,1.3342728646119646,1.5059876162610626,-0.171714751649098,31.541586961280537,25.74111303871946,0.6159886279022642,1.8380944835503896,NAF
2025-09-16,29.728,29.773,29.546,29.637,512600,28.8209,25.046620000000004,21.314496688741723,75.00793330366527,1.2701186181729973,1.4588138166434497,-0.18869519847045235,31.47914405041707,26.162655949582934,-0.3061087190527445,1.8415586231893237,NAF
2025-09-17,29.637,29.909,29.591,29.818,650600,29.000400000000003,25.202060000000003,21.370440789473683,76.24999690839422,1.2198197798726902,1.411015009289298,-0.19119522941660771,31.39299448694219,26.607805513057816,0.6107230826331911,1.8415751852935587,NAF
2025-09-18,29.818,29.955,29.773,29.909,559400,29.17995,25.35114,21.42624836601307,76.8723274228827,1.1737700372741848,1.3635660148862754,-0.18979597761209055,31.2409632893667,27.118936710633303,0.30518478771210944,1.841937512020935,NAF
2025-09-19,29.864,30.273,29.864,30.137,584200,29.359499999999997,25.51388,21.48281168831169,78.3995369508578,1.1425029165799216,1.3193533952250047,-0.17685047864508308,31.0460051375392,27.672994862460794,0.7623123474539417,1.8414628218060873,NAF
2025-09-22,30.137,30.273,30.0,30.228,526100,29.51635,25.678439999999995,21.539232258064516,78.99570144345864,1.112245167698891,1.277931749719782,-0.16568658202089104,30.863986101904608,28.16871389809539,0.3019544082025538,1.812748938712941,NAF
2025-09-23,30.228,30.591,30.137,30.364,566900,29.666350000000005,25.85298,21.595801282051283,79.88904387568168,1.0867127984308596,1.2396879594619976,-0.15297516103113806,30.613643602015657,28.719056397984353,0.44991398703189134,1.809859219099658,NAF
2025-09-24,30.364,30.364,30.0,30.182,515100,29.7618,26.05388,21.650490445859873,75.2750401708809,1.0398060954609711,1.1997115866617922,-0.1599054912008211,30.473320418021782,29.05027958197822,-0.5993940192333125,1.7013916073995217,NAF
2025-09-25,30.228,30.273,29.909,30.091,654000,29.754949999999997,26.25752,21.70391139240506,73.00467317840038,0.983946928228594,1.1565586549751528,-0.17261172674655878,30.450020303145312,29.059879696854683,-0.3015042078059693,0.7103830354468471,NAF
2025-09-26,30.228,30.228,30.0,30.046,551000,29.74585,26.460259999999998,21.756377358490568,71.85060542831235,0.9253798094199972,1.1103228858641216,-0.18494307644412444,30.419271827603968,29.072428172396034,-0.14954637599282616,0.7109450085381956,NAF
2025-09-29,30.091,30.091,30.0,30.046,525900,29.770849999999996,26.666639999999997,21.8081875,71.85060542831235,0.8689482512717248,1.0620479589456424,-0.1930997076739176,30.450131439230407,29.091568560769584,0.0,0.48034148753296735,NAF
2025-09-30,30.0,30.091,30.0,30.0,524100,29.788999999999998,26.8721,21.859068322981365,70.52881705240077,0.8111634321951975,1.0118710535955535,-0.20070762140035603,30.472607458921757,29.10539254107824,-0.15309858217399386,0.48014254481391555,NAF
2025-10-01,30.046,30.091,30.0,30.046,510600,29.81175,27.07848,21.909604938271602,71.10134127535726,0.7603159137483964,0.9615600256261221,-0.20124411187772573,30.49789249709118,29.12560750290882,0.15333333333333865,0.47774753783383783,NAF
2025-10-02,30.0,32.137,30.0,32.137,720700,29.945849999999997,27.327579999999998,21.972349693251534,85.18771558638306,0.878616964381262,0.9449714133771501,-0.06635444899588805,31.173266675271915,28.71843332472808,6.959329028822481,1.600279648751085,NAF
2025-10-03,32.182,32.228,32.137,32.182,636200,30.0981,27.57848,22.034603658536586,85.35318129689219,0.9648799873627851,0.9489531281742771,0.015926859188508002,31.62254280070795,28.573657199292047,0.14002551576064448,1.561763570852813,NAF
2025-10-06,32.182,32.273,32.137,32.273,552600,30.2481,27.8294,22.096654545454545,85.70104086466205,1.0287284528057121,0.9649081931005642,0.06382025970514793,32.003575512128535,28.49262448787147,0.282766764029585,1.5625692914222626,NAF
2025-10-07,32.319,33.182,32.228,33.0,760000,30.425349999999998,28.091220000000003,22.16233734939759,88.12707113206933,1.12502308011506,0.9969311705034635,0.12809190961159655,32.52565787467451,28.32504212532549,2.2526570197998197,1.6110534292327447,NAF
2025-10-08,33.091,33.182,30.728,32.773,1475100,30.5867,28.34576,22.225874251497007,83.37064163752572,1.1695385507407359,1.031452646550918,0.13808590418981792,32.88869776852943,28.28470223147057,-0.6878787878787818,1.6351741244180116,NAF
2025-10-09,32.85,32.85,32.55,32.7,526600,30.742150000000002,28.589760000000002,22.28822023809524,81.84088021502077,1.1852639074902989,1.0622148987387943,0.1230490087515046,33.177092755189804,28.307207244810197,-0.22274433222470025,1.6418925986892985,NAF
2025-10-10,32.65,33.2,32.6,33.1,506500,30.919849999999997,28.813579999999998,22.35219526627219,83.61498482088754,1.2159858946018893,1.0929690979114133,0.12301679669047605,33.501552031402156,28.338147968597834,1.2232415902140525,1.6413682960953306,NAF
2025-10-13,33.15,33.65,33.0,33.45,574000,31.10595,29.014400000000002,22.417476470588234,84.99624977233687,1.2541186663320296,1.1251990115955366,0.12891965473649303,33.856954369699174,28.35494563030083,1.0574018126888296,1.6448155027424527,NAF
2025-10-14,33.5,33.85,33.4,33.75,562900,31.3116,29.1994,22.483748538011696,86.0794863079775,1.293634442857556,1.1588860978479405,0.1347483450096154,34.211163190333245,28.412036809666752,0.8968609865470656,1.631728624579364,NAF
2025-10-15,33.8,34.3,33.6,34.1,526800,31.5257,29.379579999999997,22.55128488372093,87.23719936676994,1.337772051897705,1.1946632886578934,0.1431087632398116,34.588654342666864,28.462745657333134,1.0370370370370363,1.6337782046929628,NAF
2025-10-16,34.3,34.45,34.0,34.0,534100,31.73025,29.559579999999997,22.617462427745664,85.0605401236553,1.349130326195283,1.2255566961653712,0.12357363002991173,34.883682607576226,28.57681739242378,-0.2932551319648091,1.6465383164799827,NAF
2025-10-17,34.05,34.2,33.7,33.7,757200,31.908400000000007,29.726300000000002,22.681155172413796,78.71522209457397,1.31872293054586,1.2441899430414691,0.07453298750439097,35.085335723220155,28.73146427677986,-0.8823529411764675,1.681617643490244,NAF
2025-10-20,33.7,33.9,33.3,33.3,650700,32.062,29.87866,22.741834285714287,71.0994344790723,1.247962458962455,1.2449444462256665,0.003018012736788478,35.193581742590304,28.930418257409688,-1.1869436201780603,1.7266139946059431,NAF
2025-10-21,33.3,33.8,33.05,33.65,658100,32.226299999999995,30.03074,22.8038125,73.5141335770444,1.2062217765656236,1.2371999122936579,-0.030978135728034317,35.32743630108277,29.125163698917216,1.0510510510510551,1.730945193668716,NAF
2025-10-22,33.6,34.1,33.5,33.85,521700,32.4097,30.185919999999996,22.86622033898305,74.80935097821246,1.1757272615645107,1.2249053821478284,-0.04917812058331772,35.434701024792986,29.384698975207016,0.5943536404160454,1.7104533124429464,NAF
2025-10-23,33.95,34.2,33.7,34.2,661300,32.61515000000001,30.35174,22.92989325842697,76.93505879705388,1.1663571741811367,1.21319574055449,-0.04683856637335326,35.533336479016455,29.696963520983562,1.0339734121122657,1.6999137160274524,NAF
2025-10-24,34.25,34.45,34.05,34.2,545300,32.82285,30.51574,22.992854748603353,76.93505879705388,1.1457241179784248,1.199701416039277,-0.053977298060852164,35.55659778607927,30.089102213920732,0.0,1.696512602994073,NAF
2025-10-27,34.25,34.8,34.1,34.6,690200,33.05055,30.685919999999996,23.05733888888889,79.25529784070913,1.1484107649081707,1.1894432858130557,-0.04103252090488496,35.55985734623985,30.54124265376015,1.1695906432748426,1.6926172409153495,NAF
2025-10-28,34.65,34.95,34.35,34.5,620100,33.27555,30.855,23.120558011049724,77.16538769978075,1.1294511775749712,1.177444864165439,-0.047993686590467766,35.41251838633824,31.138581613661767,-0.28901734104046506,1.6965808504219817,NAF
2025-10-29,34.55,34.85,34.3,34.7,633200,33.508250000000004,31.02444,23.18418131868132,78.39259144943607,1.1176799774982484,1.1654918868320008,-0.047811909333752345,35.11137784728335,31.90512215271666,0.5797101449275477,1.6918308331730927,NAF
2025-10-30,34.8,35.05,34.45,34.85,529600,33.643899999999995,31.195080000000004,23.247928961748634,79.29150418334542,1.1076862455008438,1.1539307585657694,-0.04624451306492561,35.21733324244135,32.07046675755864,0.4322766570605152,0.8464509717455958,NAF
2025-10-31,34.8,35.1,34.65,34.95,610200,33.782300000000006,31.363159999999997,23.311527173913042,79.8920901803767,1.0952104013945956,1.1421866871315347,-0.04697628573693913,35.300275951546055,32.26432404845396,0.2869440459110528,0.844625367578738,NAF
2025-11-03,34.9,35.1,34.75,34.85,565700,33.911150000000006,31.518340000000002,23.373897297297297,77.47240767730634,1.064977641466406,1.126744877998509,-0.06176723653210292,35.32351215349677,32.49878784650324,-0.28612303290415086,0.8588359226549666,NAF
2025-11-04,34.8,35.0,34.0,34.65,637000,33.99365,31.66406,23.434521505376345,72.72811358427664,1.0132000929019682,1.1040359209792008,-0.09083582807723256,35.37432279937927,32.61297720062073,-0.5738880918221057,0.7631346690597389,NAF
2025-11-05,34.6,34.9,34.45,34.75,528000,34.0925,31.793599999999998,23.495032085561498,73.59868576167952,0.9690644056460371,1.0770416179125681,-0.10797721226653101,35.385507510052065,32.79949248994794,0.28860028860029363,0.7307224035853497,NAF
2025-11-06,34.75,34.85,34.45,34.7,510400,34.1925,31.88304,23.554632978723404,72.35499387045174,0.9194530904951463,1.0455239124290838,-0.12607082193393748,35.33234070909214,33.05265929090786,-0.14388489208632116,0.7279845059593364,NAF
2025-11-07,34.65,34.85,34.5,34.6,559100,34.2675,31.970480000000002,23.613074074074074,69.81402073673958,0.8621285206134459,1.0088448340659562,-0.14671631345251024,35.29669232512862,33.23830767487138,-0.2881844380403509,0.7051675511591792,NAF
2025-11-10,34.6,34.65,34.4,34.6,516400,34.325,32.07156,23.670900000000003,69.81402073673958,0.8073912818672397,0.9685541236262128,-0.1611628417589731,35.28827292956903,33.36172707043097,0.0,0.6785478133096248,NAF
2025-11-11,34.65,34.8,34.35,34.6,555800,34.3675,32.170820000000006,23.728120418848167,69.81402073673958,0.7553049406060524,0.9259042870221809,-0.1705993464161285,35.29841635669177,33.43658364330823,0.0,0.6573819545825801,NAF
2025-11-12,34.6,34.75,34.35,34.5,497800,34.3875,32.269,23.78422395833333,66.8805261361853,0.697911881890235,0.8803058059957918,-0.18239392410555677,35.31137912173473,33.463620878265274,-0.28901734104046506,0.6268765796842456,NAF
2025-11-13,34.5,34.65,34.3,34.45,537300,34.410000000000004,32.3689,23.839487046632122,65.40080317775647,0.6410037944987508,0.8324454036963836,-0.19144160919763287,35.3158871778239,33.504112822176104,-0.14492753623187582,0.6233424282925952,NAF
2025-11-14,34.4,34.4,33.8,33.85,567700,34.4175,32.46316,23.89108762886598,50.859098553767964,0.5412495517333582,0.7742062333037786,-0.23295668157042038,35.300839953632,33.534160046367994,-1.7416545718432541,0.715124031587583,NAF
2025-11-17,33.9,33.9,33.55,33.8,447000,34.4425,32.5537,23.941902564102566,49.86409728279394,0.45293782817946493,0.7099525522789158,-0.2570147240994509,35.213879488830145,33.67112051116986,-0.1477104874446189,0.6579237135346856,NAF
2025-11-18,33.75,33.8,33.55,33.8,216000,34.45,32.6406,23.99219897959184,49.86409728279394,0.37858604672636176,0.6436792511684051,-0.2650932044420433,35.19126492174452,33.708735078255486,0.0,0.6166759629716788,NAF
2025-11-19,33.75,33.95,33.55,33.95,254200,34.455,32.72868,24.042746192893404,53.059277568177016,0.3279846675625251,0.5805403344472292,-0.2525556668847041,35.18040369885613,33.729596301143864,0.44378698224853963,0.6102327259992191,NAF
2025-11-20,33.95,34.0,33.75,34.0,186800,34.44500000000001,32.81686,24.093035353535356,54.1091488833211,0.28859059935653164,0.5221503874290897,-0.23355978807255806,35.190442291880935,33.69955770811908,0.14727540500736325,0.562787988536907,NAF
2025-11-21,33.95,34.05,33.8,34.0,418800,34.435,32.90594,24.14281909547739,54.1091488833211,0.2544375191454833,0.4686078137723685,-0.2141702946268852,35.199405513763516,33.67059448623649,0.0,0.562787988536907,NAF
2025-11-24,34.05,34.15,33.9,34.0,438000,34.405,32.99138,24.192105,54.1091488833211,0.22477983500126442,0.4198422180181477,-0.19506238301688328,35.188984425193354,33.62101557480665,0.0,0.4875546558586913,NAF
2025-11-25,34.0,34.15,33.85,34.15,291400,34.3875,33.08164,24.273989999999998,57.65758680194466,0.21094797608484583,0.37806336963148734,-0.1671153935466415,35.178152628494814,33.59684737150519,0.4411764705882337,0.49878513973100236,NAF
2025-11-26,34.1,34.1,31.85,33.7,624900,34.3375,33.159279999999995,24.35317,46.13292842077919,0.16180964814651588,0.3348126253344931,-0.1730029771879772,35.17029807371136,33.50470192628864,-1.317715959004384,0.5505181429727508,NAF
2025-11-27,33.7,33.7,31.35,32.7,690400,34.230000000000004,33.2151,24.427805000000003,31.20573442631843,0.04169489379999902,0.27618907902759426,-0.23449418522759524,35.30429291310905,33.155707086890956,-2.9673590504451064,0.8212725795695928,NAF
2025-11-28,32.6,32.6,31.0,32.25,1096200,34.095,33.25736,24.500190000000003,26.975757491667167,-0.08878469885097218,0.203194323451881,-0.29197902230285316,35.43424566356098,32.75575433643902,-1.3761467889908396,0.8411115352982056,NAF
2025-12-01,32.2,32.35,31.9,32.3,444500,33.9675,33.2988,24.572145,28.141292087513207,-0.1860119045022941,0.12535307786104596,-0.3113649823633401,35.47860799363234,32.456392006367665,0.15503875968991832,0.8499325493930697,NAF
2025-12-02,32.25,32.5,32.0,32.4,463800,33.855000000000004,33.33952,24.645280000000003,30.529505736582195,-0.252090063864415,0.04986444951595377,-0.30195451338036877,35.48268806011814,32.227311939881865,0.3095975232198178,0.8619653879044559,NAF
2025-12-03,32.45,32.6,32.0,32.45,602500,33.739999999999995,33.38488,24.718665,31.750871024782285,-0.29699927631206435,-0.01950829564964985,-0.2774909806624145,35.42541733079551,32.05458266920448,0.15432098765433278,0.8573914929535112,NAF
2025-12-04,32.5,32.55,32.05,32.45,445200,33.6275,33.43206,24.79205,31.750871024782285,-0.3287999495823115,-0.08136662643618219,-0.2474333231461293,35.343209152139536,31.91179084786046,0.0,0.8597089232695578,NAF
2025-12-05,32.4,32.7,32.2,32.6,589300,33.5275,33.483140000000006,24.866415000000003,35.68499561268618,-0.33800218704951135,-0.13269373855884803,-0.20530844849066332,35.23767850714899,31.81732149285102,0.46224961479197635,0.8778639598240525,NAF
2025-12-08,32.65,32.95,32.35,32.75,694900,33.435,33.537220000000005,24.941755000000004,39.44416321630571,-0.3293942285175575,-0.17203383655058993,-0.15736039196696758,35.10046974565219,31.769530254347814,0.4601226993864893,0.8918793508876358,NAF
2025-12-09,32.85,34.85,32.45,33.95,1380800,33.4025,33.616220000000006,25.02287,59.72511601025601,-0.22316982535414098,-0.18226103431130014,-0.04090879104284084,34.99606435967287,31.80893564032713,3.6641221374045907,1.2534304775426781,NAF
2025-12-10,34.05,34.45,33.75,34.35,478600,33.394999999999996,33.7023,25.105985,64.04751352351764,-0.10549350007962488,-0.1669075274649651,0.061414027385340214,34.96809617600003,31.821903823999964,1.178203240058906,1.2835798305779054,NAF
2025-12-11,34.3,35.05,34.1,34.9,604700,33.417500000000004,33.757560000000005,25.191620000000004,68.97758672030282,0.03177990006513909,-0.12717004195894427,0.15894994202408336,35.065233690797164,31.769766309202847,1.6011644832605532,1.3326481870358873,NAF
2025-12-12,34.9,35.25,34.05,34.4,580800,33.445,33.80192,25.269755,60.81335375755066,0.09908208080459247,-0.08191961740623693,0.1810016982108294,35.14078424645498,31.749215753545027,-1.4326647564469885,1.3121327368891325,NAF
2025-12-15,34.5,34.6,34.05,34.35,441900,33.472500000000004,33.84346,25.348094999999997,60.04795057147946,0.14669396507846955,-0.03619690090929564,0.1828908659877652,35.20985279573283,31.735147204267182,-0.14534883720929148,1.3121104410505604,NAF
2025-12-16,34.35,34.9,34.15,34.75,618400,33.52,33.87846,25.429115000000003,63.95631593330069,0.21423382922377243,0.013889245117317976,0.20034458410645445,35.344799916933546,31.695200083066464,1.1644832605531175,1.3336187034893041,NAF
2025-12-17,34.85,36.75,34.5,36.4,1085000,33.6425,33.951,25.517929999999996,74.87500876642814,0.39633219766555783,0.09037783562696595,0.3059543620385919,35.87274072337698,31.41225927662302,4.748201438848909,1.685039721303602,NAF
2025-12-18,35.75,36.45,35.5,36.0,686500,33.7425,34.016999999999996,25.602019999999996,69.38740377166441,0.5025764214001072,0.17281755278159422,0.32975886861851295,36.207256847193655,31.277743152806345,-1.098901098901095,1.7161636142876908,NAF
2025-12-19,36.05,36.2,35.5,35.9,360500,33.8375,34.073,25.686975000000004,68.04474625534249,0.5721116232274639,0.25267636687076817,0.31943525635669573,36.48382316918928,31.19117683081072,-0.2777777777777768,1.7198396149131185,NAF
2025-12-22,35.85,36.4,35.6,36.1,533600,33.9425,34.126,25.773154999999996,69.32326874011162,0.6360253953346202,0.3293461725635386,0.3066792227710816,36.77599793123523,31.109002068764774,0.5571030640668662,1.7194727815845356,NAF
2025-12-23,36.15,36.85,35.95,36.6,692900,34.065000000000005,34.183,25.86252,72.30638662924098,0.7187381752438213,0.40722457309959514,0.3115136021442262,37.13798928697991,30.9920107130201,1.3850415512465464,1.736020414274156,NAF
2025-12-24,36.6,36.75,36.05,36.55,643800,34.207499999999996,34.232,25.95368,71.55701331487147,0.7713622828622135,0.48005211505211887,0.29131016781009467,37.46783175580235,30.947168244197645,-0.1366120218579403,1.6955190129507105,NAF
2025-12-25,36.65,36.95,36.3,36.7,512400,34.407500000000006,34.286,26.044225,72.4785216369167,0.8157673554080986,0.5471951631233148,0.2685721922847838,37.76768091618178,31.04731908381823,0.4103967168262779,1.496921483447442,NAF
2025-12-26,36.65,36.7,36.25,36.5,815500,34.620000000000005,34.342000000000006,26.134905,69.25664482129508,0.8253067443781532,0.6028174793742825,0.22248926500387067,37.94302968927273,31.296970310727282,-0.5449591280654031,1.4502995471648623,NAF
2025-12-29,36.5,37.3,36.15,37.2,640600,34.864999999999995,34.42,26.22795,73.66855816398981,0.8792158754016697,0.65809715857976,0.22111871682190964,38.19035712367837,31.539642876321626,1.9178082191780854,1.4732540308916011,NAF
2025-12-30,37.3,37.5,36.95,37.15,532700,35.1025,34.49,26.318245,72.86420533875136,0.9074442159425757,0.7079665700523232,0.19947764589025252,38.364477927576836,31.840522072423166,-0.13440860215054862,1.483057954111594,NAF
2025-12-31,37.25,38.15,37.0,37.95,828000,35.3775,34.572,26.413220000000003,77.16101309368867,0.9830368563556249,0.7629806273129836,0.22005622904264133,38.62524820776658,32.129751792233414,2.1534320323014944,1.511675940188985,NAF
2026-01-05,37.85,38.3,37.45,38.15,533300,35.6625,34.651,26.510335,78.0948567410816,1.0470135762649306,0.819787217103373,0.22722635916155765,38.82791757451542,32.497082425484585,0.5270092226613787,1.5016194349797949,NAF
2026-01-06,38.15,38.3,37.1,37.5,666600,35.9075,34.717000000000006,26.604425000000003,68.31797498932744,1.0333541565213338,0.8625006049869652,0.17085355153436854,38.82356710629564,32.991432893704356,-1.7038007863695914,1.6036481634523545,NAF
2026-01-07,37.5,37.65,36.65,37.2,975100,36.13,34.769,26.69679,64.31586841559908,0.9869445922604356,0.8873894024416594,0.0995551898187762,38.688864879918945,33.57113512008106,-0.7999999999999896,1.638548743602505,NAF
2026-01-08,37.15,37.45,35.8,37.35,969000,36.3,34.826,26.788085000000002,65.40704737782954,0.9513024026855419,0.900172002490436,0.05113040019510584,38.69561002010332,33.90438997989668,0.40322580645160144,1.4773177354564782,NAF
2026-01-09,37.3,37.9,36.6,37.65,731400,36.465,34.885,26.881104999999998,67.54462623911874,0.9364681811931277,0.9074312382309744,0.02903694296215331,38.74698897547926,34.183011024520745,0.8032128514056103,1.4704683950820816,NAF
2026-01-12,37.6,38.5,37.3,38.45,607000,36.6425,34.957,26.98017,72.4359935085533,0.9779915896398848,0.9215433085127566,0.056448281127128186,38.96385962881974,34.321140371180256,2.124833997343978,1.4961121097300174,NAF
2026-01-13,38.45,38.6,37.95,38.3,521900,36.8375,35.024,27.08008,70.2967278297228,0.9874131593387432,0.934717278677954,0.05269588066078923,39.01655701478472,34.658442985215274,-0.39011703511054874,1.4425810045011689,NAF
2026-01-14,38.35,39.5,38.15,39.05,786400,37.0725,35.108000000000004,27.183510000000002,74.37218691952972,1.0433712192527906,0.9564480667929213,0.08692315245986937,39.13251405207225,35.01248594792774,1.9582245430809442,1.4658555060512892,NAF
2026-01-15,39.0,39.3,38.55,39.1,543700,37.29,35.196999999999996,27.286735000000004,74.62217543549963,1.079311337769461,0.9810207209882293,0.09829061678123163,39.23275983834131,35.34724016165869,0.1280409731114096,1.4651537387611102,NAF
2026-01-16,39.05,39.3,38.75,39.2,607200,37.43,35.286,27.391145,75.14438839310924,1.1031469139546672,1.0054459595815168,0.0977009543731504,39.50196829888326,35.35803170111674,0.2557544757033181,1.0930911399448653,NAF
2026-01-19,39.15,39.3,37.3,38.55,1854000,37.5575,35.363,27.494120000000002,65.68320179969686,1.0573981840262192,1.0158364044704573,0.0415617795557619,39.57199353697761,35.54300646302239,-1.658163265306134,1.1390195205246203,NAF
2026-01-20,38.55,38.8,37.9,38.35,448300,37.68,35.437999999999995,27.590414999999997,63.0526101012964,0.9935506242928014,1.0113792484349262,-0.017828624142124827,39.563837069722695,35.796162930277305,-0.5188067444876654,1.1472446397436555,NAF
2026-01-21,38.4,38.6,37.95,38.3,416100,37.79,35.512,27.69305,62.3799911013731,0.9282164891820841,0.9947466965843579,-0.06653020740227378,39.537358909295094,36.042641090704905,-0.1303780964797996,1.150592730777724,NAF
2026-01-22,38.25,38.9,38.0,38.65,434800,37.8925,35.592999999999996,27.803570000000004,65.18010825289656,0.8943710387200525,0.9746715650114969,-0.08030052629144435,39.58560521325643,36.19939478674357,0.9138381201044377,1.1319320456382629,NAF
2026-01-23,38.6,39.2,38.3,38.85,571400,38.0075,35.68,27.916455,66.70514755813412,0.873616101307114,0.9544604722706204,-0.08084437096350638,39.62753086390297,36.38746913609703,0.5174644243208348,1.1287387035657725,NAF
2026-01-26,38.9,40.35,38.5,40.2,939100,38.1825,35.795,28.030409999999996,74.745580958391,0.9550916791026012,0.9545867136370165,0.0005049654655846503,39.95666399882734,36.40833600117266,3.474903474903468,1.3324680685340697,NAF
2026-01-27,40.25,41.7,40.0,41.5,894300,38.4325,35.948,28.149955,79.80350812083377,1.1117452892944755,0.9860184287685084,0.12572686052596704,40.57855513246447,36.28644486753552,3.233830845771135,1.4449091471134692,NAF
2026-01-28,41.6,42.7,40.95,42.5,1058800,38.697500000000005,36.122,28.274044999999997,82.6775088146558,1.3015822170596891,1.0491311864267447,0.2524510306329444,41.43120290612304,35.96379709387697,2.4096385542168752,1.4714949169280225,NAF
2026-01-29,42.55,42.6,41.9,42.15,650500,38.947500000000005,36.289,28.39616,78.46869157093164,1.4075617790744772,1.1208173049562913,0.28674447411818593,41.98316085755696,35.91183914244305,-0.8235294117647118,1.4993335362221059,NAF
2026-01-30,42.1,42.7,41.9,42.45,549000,39.1725,36.459,28.515909999999998,79.43504999656051,1.4984852333131329,1.1963508906276596,0.30213434268547323,42.545219502434705,35.799780497565294,0.7117437722420128,1.456999459775523,NAF
2026-02-02,42.4,42.4,40.9,41.5,801800,39.34,36.609,28.62841,68.89079192929975,1.4768613272800266,1.252452977958133,0.22440834932189357,42.82962371670767,35.850376283292334,-2.23792697290931,1.5868650472648829,NAF
2026-02-03,41.5,41.7,39.85,40.5,1074000,39.49,36.739000000000004,28.736135,59.880292841714244,1.3633171122708418,1.274625804820675,0.08869130745016696,42.903687618674695,36.07631238132531,-2.409638554216864,1.6437326769788982,NAF
2026-02-04,40.45,40.6,39.5,40.25,747400,39.6425,36.864000000000004,28.843294999999998,57.84340909486103,1.2388785721665414,1.2674763582898483,-0.02859778612330688,42.894102843618775,36.39089715638122,-0.6172839506172867,1.6372168456535467,NAF
2026-02-05,40.25,42.0,40.0,41.55,768100,39.8525,37.012,28.95741,64.58885056463623,1.2309694188407576,1.2601749704000302,-0.029205551559272624,43.02217124312156,36.682828756878436,3.2298136645962705,1.754623624731796,NAF
2026-02-06,41.6,41.85,41.0,41.5,536300,40.045,37.168,29.070820000000005,64.1635999473523,1.2067560432283528,1.249491184965695,-0.04273514173734205,43.117612466358096,36.97238753364191,-0.12033694344163459,1.7597203439878262,NAF
2026-02-09,41.5,42.5,41.2,42.1,565300,40.227500000000006,37.356,29.18723,66.97364910390445,1.221896492042248,1.2439722463810055,-0.022075754338757525,43.3346183129267,37.12038168707331,1.4457831325301207,1.7331229414817202,NAF
2026-02-10,42.15,43.5,41.8,43.5,752900,40.4875,37.580999999999996,29.309955,72.40995011038038,1.331514832371738,1.261480763579152,0.070034068792586,43.78021524493216,37.194784755067836,3.325415676959609,1.83251353831657,NAF
