time,open,high,low,close,volume,symbol,sma_20,sma_50,sma_200,rsi_14,macd,macd_signal,macd_hist,bb_upper,bb_lower,daily_return,volatility_20d
2025-02-10,862.54,862.54,850.12,850.12,66893500,VNREAL,850.12,850.12,850.12,,0.0,0.0,0.0,,,,
2025-02-11,850.72,851.46,847.45,850.48,53625600,VNREAL,850.3,850.3,850.3,,0.028717948718053776,0.005743589743610756,0.02297435897444302,,,0.04234696278173633,
2025-02-12,852.65,855.59,850.13,850.79,51387400,VNREAL,850.4633333333333,850.4633333333333,850.4633333333333,,0.0756198407481179,0.019718839944512186,0.05590100080360571,,,0.03645000470322568,
2025-02-13,851.02,854.87,847.71,854.31,45926400,VNREAL,851.425,851.425,851.425,,0.39230229358372526,0.09423553067235481,0.29806676291137046,,,0.4137331186309101,
2025-02-14,854.6,860.99,854.6,857.73,60850800,VNREAL,852.686,852.686,852.686,,0.9087651578441864,0.2571414561067211,0.6516237017374653,,,0.4003230677388947,
2025-02-17,858.29,862.16,857.29,858.03,61409400,VNREAL,853.5766666666667,853.5766666666667,853.5766666666667,,1.3269766308932276,0.4711084910640224,0.8558681398292052,,,0.03497604141162736,
2025-02-18,859.29,868.49,858.55,862.51,64436600,VNREAL,854.8528571428571,854.8528571428571,854.8528571428571,,1.9968918689700104,0.77626516664522,1.2206267023247903,,,0.5221262659813819,
2025-02-19,862.94,875.74,862.94,875.74,117247200,VNREAL,857.46375,857.46375,857.46375,,3.554382247873832,1.3318885828909426,2.2224936649828892,,,1.5338952591854138,
2025-02-20,878.61,887.59,877.94,883.53,90114600,VNREAL,860.36,860.36,860.36,,5.355556963563458,2.1366222590254456,3.218934704538013,,,0.8895334231621144,
2025-02-21,883.55,884.39,876.87,878.55,73568400,VNREAL,862.1789999999999,862.1789999999999,862.1789999999999,,6.308436789661528,2.970985165152662,3.3374516245088657,,,-0.5636480934433474,
2025-02-24,875.99,881.04,873.47,881.04,72443600,VNREAL,863.8936363636363,863.8936363636363,863.8936363636363,,7.181736519058404,3.8131354359338108,3.3686010831245934,,,0.28342154686700205,
2025-02-25,883.42,892.46,882.03,883.39,79109900,VNREAL,865.5183333333333,865.5183333333333,865.5183333333333,,7.9715669450068845,4.644821737748426,3.3267452072584582,,,0.2667302279124595,
2025-02-26,885.51,887.54,881.08,882.59,66466500,VNREAL,866.8315384615385,866.8315384615385,866.8315384615385,,8.435718225222786,5.403001035243298,3.032717189979488,,,-0.09056022821176679,
2025-02-27,883.53,891.31,879.71,891.31,93576700,VNREAL,868.5799999999999,868.5799999999999,868.5799999999999,88.17575103710068,9.39884850772546,6.20217052973973,3.196677977985731,,,0.9880012236712199,
2025-02-28,892.65,898.88,889.23,896.12,105311900,VNREAL,870.4159999999999,870.4159999999999,870.4159999999999,89.60765512926993,10.43003207939887,7.0477428396715585,3.382289239727312,,,0.5396551143822093,
2025-03-03,896.29,909.9,896.16,907.89,80450800,VNREAL,872.758125,872.758125,872.758125,92.1217698836694,12.05799605060281,8.04979348185781,4.008202568745,,,1.3134401642637128,
2025-03-04,908.42,913.8,903.56,906.57,114979800,VNREAL,874.7470588235294,874.7470588235294,874.7470588235294,89.5065482081017,13.090754192707436,9.057985624027735,4.0327685686797015,,,-0.1453920629151062,
2025-03-05,907.89,912.45,904.61,904.64,87332400,VNREAL,876.4077777777778,876.4077777777778,876.4077777777778,85.67673828898867,13.596752689311074,9.965739037084404,3.6310136522266703,,,-0.21289034492648629,
2025-03-06,906.76,912.88,905.77,912.88,82108000,VNREAL,878.3273684210527,878.3273684210527,878.3273684210527,88.03136297520754,14.495563446600954,10.871703918987714,3.6238595276132397,,,0.9108595684471199,
2025-03-07,914.5,939.72,914.49,932.7,134863100,VNREAL,881.0459999999999,881.0459999999999,881.0459999999999,91.60587244391154,16.615650923718817,12.020493319933935,4.595157603784882,929.0135128657544,833.0784871342455,2.171150644115327,
2025-03-10,938.76,950.5,936.46,941.88,101473000,VNREAL,885.634,883.9428571428571,883.9428571428571,92.69420790311845,18.81964366591967,13.380323389131084,5.439320276788587,938.4545583581162,832.8134416418839,0.9842393052428289,0.6679765153614624
2025-03-11,931.42,943.76,927.9,943.76,95839200,VNREAL,890.2980000000001,886.6618181818183,886.6618181818183,92.89730796275028,20.48192124267632,14.800642959840133,5.681278282836189,946.418780127376,834.1772198726243,0.1996007984031989,0.6630158365947807
2025-03-12,945.07,952.17,944.64,951.15,131035900,VNREAL,895.316,889.465652173913,889.465652173913,93.64516455065618,22.14037893110185,16.26859015409248,5.871788777009371,954.4301655122571,836.201834487743,0.7830380605238663,0.6551038953492047
2025-03-13,951.49,976.89,946.64,965.12,161897900,VNREAL,900.8564999999999,892.6179166666666,892.6179166666666,94.76690123190438,24.30184431170767,17.87524098561552,6.426603326092149,964.3942471810425,837.3187528189573,1.468748357251748,0.6844318524721862
2025-03-14,966.16,980.68,966.1,970.27,126082600,VNREAL,906.4834999999999,895.7239999999999,895.7239999999999,95.1096102930318,26.129182210339422,19.5260292305603,6.6031529797791215,973.7630294667191,839.2039705332808,0.5336124005304921,0.6828903341892438
2025-03-17,974.83,980.12,964.09,980.12,123871400,VNREAL,912.5880000000001,898.97,898.97,95.69086966758485,28.048843729662394,21.23059213038072,6.818251599281673,983.4181685947301,841.75783140527,1.015181341276139,0.6737673810959524
2025-03-18,981.74,987.13,967.49,967.87,101942700,VNREAL,917.856,901.5218518518518,901.5218518518518,82.54989525491683,28.25599912252619,22.635673528809814,5.620325593716377,988.6761468212926,847.0358531787074,-1.2498469575154103,0.7990322474209838
2025-03-19,962.0,972.74,952.02,971.28,108872400,VNREAL,922.633,904.0132142857143,904.0132142857143,83.23987645454316,28.368317460268145,23.78220231510148,4.586115145166666,994.37458952357,850.8914104764301,0.3523200429809803,0.7679409208581129
2025-03-20,973.94,981.81,960.94,967.13,84334200,VNREAL,926.8129999999999,906.1896551724138,906.1896551724138,79.13871726617921,27.801976357812237,24.586157123643634,3.2158192341686025,998.703347525717,854.9226524742827,-0.4272712297174852,0.7908655751452381
2025-03-21,965.65,977.05,962.74,976.97,101416200,VNREAL,931.734,908.5490000000001,908.5490000000001,81.46993971873333,27.82638744440294,25.234203187795497,2.5921842566074424,1003.1867999967,860.2812000033001,1.0174433633534319,0.7620740765085903
2025-03-24,976.04,1008.7,974.81,1008.7,128613500,VNREAL,938.117,911.7796774193548,911.7796774193548,86.65041950565126,30.059571202336997,26.1992767907038,3.8602944116331983,1013.2171678041434,863.0168321958565,3.24779675936826,0.9703645668570758
2025-03-25,1008.72,1027.94,1008.72,1015.65,119344700,VNREAL,944.7299999999999,915.025625,915.025625,87.47631429700465,32.0210733351646,27.36363609959596,4.65743723556864,1022.7743239785132,866.6856760214866,0.6890056508377151,0.9654050927766764
2025-03-26,1020.78,1023.63,1003.17,1012.96,92935000,VNREAL,951.2484999999999,917.9933333333333,917.9933333333333,85.27722765417663,32.97836334424437,28.486581548525646,4.491781795718726,1029.2174409890076,873.2795590109923,-0.2648550189533694,0.9737099363784296
2025-03-27,1014.4,1020.75,1006.69,1011.36,69539500,VNREAL,957.251,920.7394117647059,920.7394117647059,83.92577875093545,33.22491975199341,29.4342491892192,3.79067056277421,1034.2693277982721,880.2326722017278,-0.15795293002685007,0.9891972790029517
2025-03-28,1011.56,1018.01,1008.07,1013.38,78711300,VNREAL,963.1140000000001,923.3862857142857,923.3862857142857,84.2648213780168,33.20059876373978,30.187519104123318,3.0130796596164586,1038.3709332074427,887.8570667925576,0.19973105521278178,0.9938921993630221
2025-03-31,1009.05,1020.34,1007.31,1011.51,117166300,VNREAL,968.2949999999998,925.8341666666666,925.8341666666666,82.52938814976842,32.6540156673733,30.680818416773317,1.9731972505999842,1041.7908013838382,894.7991986161614,-0.18453097554718134,0.9954373675143322
2025-04-01,1016.97,1037.37,1016.39,1030.94,78143800,VNREAL,974.5135,928.6748648648648,928.6748648648648,85.80144983059682,33.40362702301343,31.22538013802134,2.178246884992088,1047.059356938542,901.9676430614583,1.9208905497721362,1.026588027351513
2025-04-02,1035.79,1039.54,1028.29,1031.07,102754000,VNREAL,980.835,931.3694736842106,931.3694736842106,85.82058476257735,33.6206316233239,31.704430435081854,1.9162011882420487,1049.6840123768175,911.9859876231826,0.01260985120374869,1.0178151165805402
2025-04-03,990.77,1002.26,961.71,961.85,170340000,VNREAL,983.2834999999999,932.1510256410256,932.1510256410256,48.410173254280444,27.885685009626172,30.94068134999072,-3.0549963403645464,1045.0786302032943,921.4883697967056,-6.7134142201790254,1.9344172568425957
2025-04-04,946.6,955.62,905.94,953.21,212573200,VNREAL,984.309,932.6775,932.6775,45.73054689033889,22.38547686488141,29.22964045296886,-6.844163588087447,1043.181248810454,925.4367511895459,-0.8982689608566852,1.8978861395511641
2025-04-08,921.22,923.87,890.61,895.29,106746800,VNREAL,981.9795,931.7656097560975,931.7656097560975,32.6737621883526,13.200692969541478,26.023850956283386,-12.823157986741908,1050.771870897391,913.187129102609,-6.076310571647392,2.336018662585772
2025-04-09,890.02,899.92,855.32,889.08,174431100,VNREAL,979.2455,930.7492857142857,930.7492857142857,31.63098785363475,5.358817348183493,21.890844234663412,-16.53202688647992,1058.0509843068812,900.4400156931188,-0.693629996984213,2.3359796239283845
2025-04-10,947.37,948.53,946.93,948.52,46350500,VNREAL,979.1139999999999,931.1625581395348,931.1625581395348,48.55508553252491,3.895480979903823,18.291771583711494,-14.396290603807671,1058.125390358073,900.102609641927,6.685562604040118,2.8024740851363292
2025-04-11,943.24,987.86,938.24,987.01,223921100,VNREAL,980.2085000000001,932.4318181818181,932.4318181818181,56.128362748722104,5.775026777064795,15.788422622382155,-10.01339584531736,1059.0098561932455,901.4071438067547,4.057900729557629,2.9296492856480616
2025-04-14,1002.31,1031.88,996.78,1030.47,123160700,VNREAL,983.2185000000002,934.6104444444445,934.6104444444445,62.78930515835066,10.64868770900489,14.760475639706703,-4.111787930701814,1064.9653465253684,901.4716534746319,4.403197535992542,3.0800065887576435
2025-04-15,1029.65,1055.24,1021.92,1021.92,134161100,VNREAL,985.3084999999999,936.5084782608695,936.5084782608695,60.832495665525094,13.663679177516315,14.541116347268627,-0.8774371697523122,1068.8396996612169,901.7773003387829,-0.8297184779760713,3.0865546203504746
2025-04-16,1021.61,1030.25,989.3,998.62,115609000,VNREAL,986.8459999999999,937.83,937.83,55.73490859747078,14.011451078173309,14.435183293449564,-0.4237322152762548,1070.1574105788131,903.5345894211868,-2.2800219195240334,3.1213805607986456
2025-04-17,988.76,1014.99,981.19,1014.99,90749200,VNREAL,989.0315,939.4375,939.4375,58.37409548011936,15.4301162302188,14.634169880803412,0.795946349415388,1072.9148953269594,905.1481046730406,1.6392621818108966,3.1378419906715145
2025-04-18,1022.3,1023.57,981.72,986.9,110214000,VNREAL,990.0200000000001,940.4061224489797,940.4061224489797,52.58082365195849,14.124966520508337,14.532329208744398,-0.40736268823606103,1073.2803260547114,906.7596739452888,-2.7675149508862185,3.2079601986248822
2025-04-21,987.08,995.21,955.21,965.81,89110700,VNREAL,989.4619999999999,940.9141999999999,940.9141999999999,48.67494508805977,11.259051887310534,13.877673744457626,-2.618621857147092,1073.2385616261179,905.6854383738819,-2.136994629648392,3.240466114758206
2025-04-22,963.67,966.37,912.94,952.66,169315900,VNREAL,986.6600000000001,942.965,941.1445098039217,46.36239539011896,7.836366042072314,12.669412203980563,-4.83304616190825,1071.469626812055,901.8503731879453,-1.3615514438657716,3.1596739578861213
2025-04-23,958.94,974.51,952.5,970.69,128634800,VNREAL,984.412,945.3692,941.7126923076922,49.87851917043052,6.503761849454577,11.436282133075366,-4.932520283620789,1068.365303461539,900.458696538461,1.8925954695274472,3.1895760177872643
2025-04-24,973.45,1011.4,971.41,1009.27,99099800,VNREAL,984.2275,948.5388,942.9873584905661,56.45619330395113,8.463188629033766,10.841663432267046,-2.3784748032332796,1067.9324927140738,900.522507285926,3.974492371405902,3.32160861884911
2025-04-25,1009.24,1032.52,1009.24,1032.52,88911600,VNREAL,985.2855,952.1030000000001,944.6453703703703,59.873798762477165,11.756606320965943,11.024652010006825,0.731954310959118,1070.946525093096,899.6244749069041,2.303645208913374,3.359499521777583
2025-04-28,1032.64,1035.89,1019.38,1019.38,70231200,VNREAL,985.5854999999999,955.336,946.0041818181819,57.14404422893684,13.15473577964815,11.450668763935091,1.7040670157130577,1071.7016239196664,899.4693760803333,-1.2726145740518335,3.374620861995155
2025-04-29,1015.14,1024.67,993.35,1023.2,89721000,VNREAL,986.1700000000001,958.6394,947.3826785714285,57.747152720997406,14.404954178562775,12.04152584686063,2.3634283317021456,1073.181040315825,899.1589596841751,0.37473758559125603,3.3745976800993507
2025-05-05,1023.2,1049.31,1031.08,1054.26,67982338,VNREAL,987.3359999999999,962.4744000000001,949.2577192982457,62.38263952515434,17.698031793911014,13.172827036270707,4.5252047576403065,1077.4430468416667,897.2289531583332,3.03557466770914,3.415012768018716
2025-05-06,1062.37,1064.62,1013.52,1056.19,92674424,VNREAL,988.592,966.0834,951.1013793103448,62.65679160087248,20.230351500592406,14.584331929135049,5.646019571457357,1081.9089351359007,895.2750648640992,0.18306679566710837,3.4148186232529723
2025-05-07,1056.19,1087.51,1052.74,1085.61,110362133,VNREAL,994.78,970.125,953.3811864406779,66.64710329412503,24.330711937444107,16.53360793079686,7.7971040066472455,1096.6517152005144,892.9082847994854,2.785483672445288,3.046936912363552
2025-05-08,1085.61,1117.54,917.77,1115.03,99809083,VNREAL,1002.8710000000001,974.8545999999999,956.0753333333333,70.08909222742801,29.61286655962226,19.149459656561945,10.463406903060317,1115.9312840407208,889.8107159592794,2.7099971444625615,3.0571858529652927
2025-05-09,1115.03,1139.84,876.07,1105.12,90878261,VNREAL,1013.3625,979.3362,958.5186885245902,67.55990707171625,32.62329691535001,21.844227108319558,10.779069807030453,1123.2880606260317,903.4369393739682,-0.8887653246997917,2.630576579121026
2025-05-12,1105.12,1125.82,961.96,1123.23,78944544,VNREAL,1025.07,984.133,961.1753225806452,69.71093262417797,36.054793098152686,24.686340306286187,11.368452791866499,1128.973450933015,921.1665490669848,1.6387360648617566,2.598816316605611
2025-05-13,1123.23,1134.3,988.43,1128.14,95030589,VNREAL,1034.051,989.0440000000001,963.8255555555556,70.28619955244935,38.72408733712177,27.493889712453306,11.230197624668467,1141.098465104332,927.0035348956678,0.43713219910437306,2.2589401437123233
2025-05-14,1128.14,1140.35,1118.14,1121.67,97219945,VNREAL,1040.784,993.6511999999999,966.291875,68.44156264066463,39.857989235606055,29.966709617083858,9.891279618522198,1152.2229865446798,929.3450134553204,-0.5735103799173857,2.152512050485991
2025-05-15,1121.67,1123.19,965.16,1107.52,114502895,VNREAL,1044.6365,997.8792,968.4646153846153,64.45728421725867,39.16337688557974,31.806043070783033,7.357333814796704,1159.837977197218,929.4350228027822,-1.2615118528622626,2.001935526497219
2025-05-16,1107.52,1115.47,1099.35,1109.28,101372690,VNREAL,1049.0045,1001.9070000000002,970.5981818181817,64.73229383848613,38.313257501535645,33.10748595693356,5.2057715446020865,1167.1660405371194,930.8429594628806,0.15891360878359517,1.9826021285534308
2025-05-19,1109.28,1146.79,1105.03,1139.89,103651010,VNREAL,1056.068,1006.5734000000001,973.1249253731344,69.19639627857559,39.652414593791036,34.41647168430506,5.235942909485978,1178.3652448973146,933.7707551026854,2.7594475695946974,1.9398896647538169
2025-05-20,1139.89,1189.6,1139.89,1189.47,102898794,VNREAL,1064.792,1012.27,976.3064705882352,74.76754047961029,44.20483209235249,36.374143765914546,7.830688326437944,1199.0583923305967,930.525607669403,4.349542499714887,2.0984962575642694
2025-05-21,1189.47,1238.91,1189.26,1214.32,98653970,VNREAL,1076.163,1018.2987999999999,979.7559420289856,77.01170262550858,49.25011837079978,38.94933868689159,10.300779683908189,1220.7756738421967,931.5503261578033,2.0891657629027893,1.9366261670452891
2025-05-22,1214.32,1248.18,1203.89,1206.78,100964531,VNREAL,1088.2115,1023.7804000000001,982.9991428571429,74.83680158236784,52.040241598975626,41.567519269308406,10.47272232966722,1234.258075018851,942.1649249811487,-0.6209236445088528,1.8317387469549486
2025-05-23,1206.78,1229.34,1198.35,1212.3,74425454,VNREAL,1101.1934999999999,1029.1888,986.2287323943663,75.3848731464175,54.073526275193444,44.06872067048541,10.004805604708032,1242.5915644957984,959.7954355042014,0.45741560184955343,1.744291529311008
2025-05-26,1212.3,1249.23,1164.92,1248.33,126999581,VNREAL,1115.0755,1035.2802000000001,989.8690277777777,78.65312556361945,57.92452109245619,46.83988075487957,11.084640337576616,1257.0410241284048,973.109975871595,2.9720366245978624,1.782269077925253
2025-05-27,1248.33,1262.43,1228.79,1261.9,160540789,VNREAL,1127.707,1041.4952,993.5954794520549,79.74398261383254,61.36408089410111,49.74472078272388,11.619360111377226,1274.8939787003847,980.5200212996155,1.087052301875313,1.665702556667724
2025-05-28,1261.9,1286.12,1252.77,1280.31,126131684,VNREAL,1140.0965,1047.799,997.47,81.15124427959351,64.8281909279358,52.761414811766265,12.066776116169528,1295.057376729716,985.1356232702842,1.4589111657024922,1.645125543791839
2025-05-29,1280.31,1298.14,1274.11,1294.97,136461914,VNREAL,1153.876,1054.2930000000001,1001.4366666666666,82.21107237855165,67.97291313760184,55.80371447693338,12.169198660668457,1312.605815777762,995.146184222238,1.1450351867906994,1.54803506646371
2025-05-30,1294.97,1303.81,1285.68,1298.2,105517532,VNREAL,1167.626,1060.6545999999998,1005.341447368421,82.44527939455095,69.91977055956136,58.62692569345897,11.292844866102385,1326.3372130685302,1008.9147869314697,0.24942662764388945,1.5518632906180614
2025-06-02,1298.2,1312.14,1272.15,1301.25,168049699,VNREAL,1179.9755,1067.3222,1009.1844155844155,82.67720573778587,70.89158454474818,61.07985746371682,9.811727081031364,1339.9769828187875,1019.9740171812125,0.23494068710521177,1.5039487611143085
2025-06-03,1301.25,1309.55,1286.63,1304.48,125836775,VNREAL,1192.3899999999999,1073.9862,1012.9702564102563,82.93434388783712,71.10275978049594,63.08443792707264,8.018321853423302,1350.4695124379873,1034.3104875620124,0.24822286263208593,1.5019989422400655
2025-06-04,1304.48,1307.6,1292.77,1305.78,161040443,VNREAL,1203.3985,1080.7592,1016.6767088607596,83.04344063846678,70.56162630673134,64.57987560300438,5.981750703726959,1360.8318345661962,1045.9651654338038,0.09965656813442081,1.46020698586715
2025-06-05,1305.78,1307.77,1281.63,1301.63,126975410,VNREAL,1212.7285,1087.2523999999999,1020.238625,81.25760183919537,69.00248610584185,65.46439770357188,3.5380884022699775,1370.2283200533652,1055.2286799466347,-0.3178177028289486,1.423262682508462
2025-06-06,1301.63,1302.24,1269.2,1286.04,131037910,VNREAL,1221.7745,1092.7992,1023.5201234567902,74.75399844836625,65.75093767373937,65.52170569760538,0.22923197613398827,1373.9432447643512,1069.6057552356488,-1.1977290013291175,1.4439259623919456
2025-06-09,1286.04,1286.06,1227.4,1228.9,103966781,VNREAL,1227.058,1097.0642,1026.024756097561,56.80766317902104,57.895953145183285,63.99655518712097,-6.100602041937684,1371.9857493461022,1082.1302506538977,-4.443096637740651,1.838110623915682
2025-06-10,1228.9,1250.94,1188.31,1240.76,104586035,VNREAL,1232.689,1101.6202,1028.6119277108432,59.00742512398201,52.02807691175394,61.60285953204757,-9.574782620293625,1369.98473181544,1095.3932681845602,0.9650907315485346,1.8414530007810417
2025-06-11,1240.76,1254.97,1198.64,1233.21,75237385,VNREAL,1238.266,1106.0572,1031.047619047619,57.016670281657,46.23554622275083,58.52939687018822,-12.293850647437395,1365.2480168619013,1111.2839831380988,-0.6084980173442056,1.8425358262934737
2025-06-12,1233.21,1244.32,1195.51,1212.67,95365096,VNREAL,1243.5234999999998,1110.0430000000001,1033.1843529411765,51.88787705732334,39.531819372702785,54.72988137069114,-15.198061997988354,1355.537472300453,1131.5095276995467,-1.665571962601664,1.864846291690131
2025-06-13,1212.67,1220.08,1157.6,1190.74,159452870,VNREAL,1247.5965,1113.6276,1035.0163953488372,47.02427206090167,32.079704953175906,50.19984608718809,-18.120141134012187,1343.8766410960436,1151.3163589039566,-1.808406244073002,1.932824492502705
2025-06-16,1190.74,1195.26,1146.87,1192.05,91491470,VNREAL,1250.2045,1116.8498,1036.8213793103448,47.341795498532534,25.980074511060366,45.35589177196255,-19.37581726090218,1336.5094083131878,1163.8995916868123,0.11001562053849501,1.8496349321505194
2025-06-17,1192.05,1237.32,1188.47,1215.54,103824666,VNREAL,1251.508,1120.5392,1038.8522727272727,52.80436632231379,22.778938700160097,40.840501157602056,-18.06156245744196,1334.681271921367,1168.3347280786331,1.9705549263873134,1.6355652996956898
2025-06-18,1215.54,1225.94,1207.98,1223.05,81978823,VNREAL,1251.9445,1125.7632,1040.9219101123597,54.431912932977156,20.61042558677468,36.79448604343658,-16.184060456661896,1334.3844204460938,1169.5045795539063,0.6178324037053429,1.5743358586587113
2025-06-19,1223.05,1238.13,1215.94,1231.67,89080533,VNREAL,1253.189,1131.3324,1043.0413333333333,56.294924290566016,19.364206759059016,33.30843018656107,-13.944223427502052,1333.481707907744,1172.896292092256,0.7047953885777503,1.5726102189074236
2025-06-20,1231.67,1233.66,1183.38,1214.02,95426859,VNREAL,1253.275,1137.7069999999999,1044.92021978022,51.63950400554992,16.759172557754482,29.998578660799755,-13.239406103045273,1333.386786766666,1173.163213233334,-1.4330137130887377,1.6073115997785046
2025-06-23,1214.02,1255.99,1196.53,1255.99,76812482,VNREAL,1253.658,1145.0452,1047.214456521739,60.09109401044318,17.87523781248433,27.573910491136672,-9.698672678652343,1333.7434829081524,1173.5725170918474,3.4571094380652756,1.6570981232935926
2025-06-24,1255.99,1295.5,1255.99,1285.65,105834892,VNREAL,1254.8455,1151.7878,1049.7782795698924,64.77602215790755,20.91198138456639,26.241524669822617,-5.329543285256229,1336.1407463101746,1173.5502536898252,2.361483769775252,1.72254055543534
2025-06-25,1285.65,1296.4,1268.05,1288.14,90695230,VNREAL,1255.237,1157.8103999999998,1052.3140425531915,65.14593501983506,23.25151573437938,25.643522882733972,-2.3920071483545904,1337.121866052412,1173.352133947588,0.1936763504841954,1.6932794831875027
2025-06-26,1288.14,1296.5,1272.35,1275.74,66161863,VNREAL,1254.2755,1162.7158,1054.6658947368421,61.672496749685756,23.830335914610032,25.28088548910919,-1.4505495744991563,1334.6333125701105,1173.9176874298894,-0.9626282857453483,1.6867346823358087
2025-06-27,1275.74,1287.65,1259.64,1284.02,84442124,VNREAL,1253.5665,1167.9578,1057.055,63.08775613829584,24.67276954966701,25.159262301220753,-0.48649275155374383,1332.5306699626806,1174.6023300373192,0.649035069841819,1.6929631876480071
2025-06-30,1284.02,1290.34,1281.22,1289.76,82788950,VNREAL,1252.992,1173.7806,1059.4540206185566,64.07802242050597,25.50951647685224,25.229313136347052,0.2802033405051887,1330.6518764112518,1175.3321235887481,0.44703353530319845,1.6954465217238892
2025-07-01,1289.76,1295.46,1266.93,1284.47,85695934,VNREAL,1251.9914999999999,1179.1702,1061.7501020408163,62.41611531785814,25.4523863887282,25.273927786823286,0.17845860190491436,1327.3396019982401,1176.6433980017596,-0.4101538270686045,1.696139089320836
2025-07-02,1284.47,1288.47,1268.18,1287.85,73753065,VNREAL,1251.095,1185.1892,1064.0339393939394,63.07508116238642,25.387200292463376,25.296582287951306,0.09061800451206992,1324.1399080324843,1178.0500919675158,0.26314355337220263,1.6973604627139058
2025-07-03,1287.85,1289.93,1275.17,1282.41,124394359,VNREAL,1250.134,1191.5212,1066.2177000000001,61.21477519290313,24.612855626814508,25.159836955723947,-0.546981328909439,1320.8480660168257,1179.4199339831744,-0.4224094420933966,1.6983724890901588
2025-07-04,1282.41,1285.6,1269.78,1275.03,118579496,VNREAL,1249.5835,1197.9686,1068.2851485148515,58.68603910864654,23.136969001285706,24.7552633648363,-1.6182943635505929,1319.2847947927787,1179.8822052072212,-0.5754789809811256,1.6820660066096322
2025-07-07,1275.03,1293.47,1270.67,1290.61,118645184,VNREAL,1252.669,1204.3670000000002,1070.4648039215688,62.23299335596728,22.95982741146895,24.396176174162832,-1.436348762693882,1323.9604628091897,1181.3775371908105,1.221932032971762,1.342403643945774
2025-07-08,1290.61,1312.88,1290.61,1305.82,131788711,VNREAL,1255.922,1210.298,1072.7498058252427,65.35969804904352,23.772724144103222,24.271485768150914,-0.49876162404769175,1330.773867072311,1181.070132927689,1.1785124863436636,1.3491867789414824
2025-07-09,1305.82,1332.22,1305.82,1332.22,162551161,VNREAL,1260.8725,1216.292,1075.2447115384616,70.00193161875879,26.244677719310857,24.666124158382903,1.5785535609279542,1342.214805138615,1179.5301948613849,2.021718154110075,1.3872702282166127
2025-07-10,1332.22,1387.99,1332.22,1384.6,140495506,VNREAL,1269.469,1223.5964,1078.1909523809525,76.67963247564103,32.060770375450375,26.1450534017964,5.915716973653975,1364.5431841987247,1174.3948158012754,3.931783038837411,1.5087721996065544
2025-07-11,1384.6,1425.04,1384.6,1416.37,162931367,VNREAL,1280.7504999999999,1231.4597999999999,1081.3813207547169,79.64001318566568,38.786532195782456,28.673349160593613,10.113183035188843,1389.1085137128298,1172.39248628717,2.2945254947277283,1.4301002349402487
2025-07-14,1416.37,1461.4,1415.66,1454.57,224944189,VNREAL,1293.8764999999999,1239.466,1084.869065420561,82.51427684918205,46.66128539181727,32.270936406838345,14.390348984978928,1419.257211397434,1168.4957886025657,2.697035379173518,1.4730494482985304
2025-07-15,1454.57,1467.9,1439.33,1441.81,174227959,VNREAL,1305.19,1247.1784,1088.174074074074,78.52644319795374,51.28131954378955,36.07301303422859,15.208306509560963,1441.1925857339343,1169.1874142660658,-0.8772351966560565,1.5124563787339482
2025-07-16,1441.81,1484.23,1431.57,1476.71,165710340,VNREAL,1317.873,1255.0004000000001,1091.738623853211,81.20234971646805,57.10064750281299,40.278539927945474,16.822107574867516,1468.180965835762,1167.565034164238,2.4205685908684327,1.5500184910384323
2025-07-17,1476.71,1541.28,1476.71,1535.66,214218335,VNREAL,1333.0724999999998,1263.413,1095.7742727272728,84.6759743648207,65.71179450771365,45.36519084389911,20.34660366381454,1506.395457434047,1159.7495425659524,3.9919821765952657,1.6897332949333568
2025-07-18,1535.66,1565.1,1496.53,1530.26,204539536,VNREAL,1348.8845000000001,1271.9158,1099.6885585585585,83.1600117270168,71.27879806417195,50.54791228795368,20.730885776218273,1533.7901951643485,1163.9788048356518,-0.3516403370537824,1.6195011219969806
2025-07-21,1530.26,1545.34,1465.42,1477.52,172966179,VNREAL,1359.961,1279.0015999999998,1103.0620535714286,69.98210713585894,70.62093705496795,54.56251724135654,16.058419813611415,1547.9514690641197,1171.9705309358803,-3.446473148353879,1.8298780181083543
2025-07-22,1477.52,1527.65,1467.89,1527.65,145054145,VNREAL,1372.061,1286.9918,1106.8194690265486,74.17168406730292,73.29969624086266,58.30995304125777,14.989743199604888,1570.7600605651523,1173.3619394348475,3.392847474145877,1.888851682229944
2025-07-23,1527.65,1545.19,1501.13,1504.26,139492526,VNREAL,1382.867,1294.6436,1110.3057894736842,69.3108751448921,72.69724607322019,61.18741164765026,11.509834425569927,1585.810965727645,1179.923034272355,-1.5311098746440654,1.9600091832737092
2025-07-24,1504.26,1520.26,1465.08,1517.12,137416457,VNREAL,1394.9360000000001,1302.8355999999999,1113.843304347826,70.45722486326449,72.42265125728136,63.43445956957648,8.988191687704877,1599.7564150392304,1190.1155849607699,0.854905401991668,1.9157827635069078
2025-07-25,1517.12,1534.63,1495.51,1522.27,142893983,VNREAL,1406.8485,1311.0954000000002,1117.364224137931,70.92560052704228,71.79300972049441,65.10616959976007,6.686840120734345,1612.2198436961921,1201.477156303808,0.33945897489982,1.919058925939276
2025-07-28,1522.27,1561.77,1510.85,1554.5,225590081,VNREAL,1420.0855,1319.3875999999998,1121.1004273504273,73.73234044603484,73.0526009982766,66.69545587946338,6.3571451188132215,1627.7945485802334,1212.3764514197665,2.1172328167802013,1.935857325893682
2025-07-29,1554.5,1566.14,1490.66,1497.43,291190077,VNREAL,1430.7335,1325.5467999999998,1124.2896610169491,62.269348426953584,68.65435939541908,67.08723658265453,1.567122812764552,1630.8663463296334,1230.6006536703667,-3.671276937922152,2.1790148633792943
2025-07-30,1497.43,1511.27,1459.15,1485.67,180500459,VNREAL,1440.6245,1330.9738,1127.3264705882355,60.1926771204385,63.487938089528825,66.36737688402938,-2.879438794500558,1630.3046622094153,1250.9443377905845,-0.7853455587239488,2.20488004066988
2025-07-31,1485.67,1500.01,1449.37,1475.2,208488230,VNREAL,1450.264,1336.3422,1130.2254166666667,58.32762165326948,57.88144916793908,64.67019134081133,-6.788742172872247,1625.1043281674022,1275.4236718325976,-0.7047325449124009,2.2136007609295785
2025-08-01,1475.2,1499.03,1417.51,1469.75,130535491,VNREAL,1460.0,1341.4912,1133.0314049586775,57.331807643257584,52.39452537845477,62.21505814834002,-9.820532769885247,1614.2249704677884,1305.7750295322116,-0.369441431670281,2.2076967797390026
2025-08-04,1469.75,1526.86,1464.79,1523.03,123679352,VNREAL,1471.6209999999999,1346.9852,1136.2281147540982,63.832693335379865,51.748821265571905,60.1218107717864,-8.372989506214495,1605.8315401618183,1337.4104598381814,3.6251063105970482,2.2990313568230607
2025-08-05,1523.03,1599.23,1523.03,1572.79,263266974,VNREAL,1484.9695,1353.203,1139.7773983739837,68.63849669418202,54.62265626242311,59.02197986991374,-4.399323607490636,1601.7155348430717,1368.2234651569281,3.267171362350041,2.361034649842254
2025-08-06,1572.79,1590.22,1548.77,1586.7,119238085,VNREAL,1497.6934999999999,1359.3308000000002,1143.381612903226,69.84476518672795,57.36138560454401,58.6898610168398,-1.3284754122957878,1598.76091414053,1396.6260858594696,0.8844155926728936,2.3477979041365575
2025-08-07,1586.7,1611.52,1562.86,1571.57,166156491,VNREAL,1507.042,1364.8627999999999,1146.8071200000002,66.8335743391529,57.64647115059847,58.481183043591535,-0.834711892993063,1598.1626995028878,1415.921300497112,-0.9535513959790798,2.269019481583749
2025-08-08,1571.57,1592.52,1555.75,1588.45,229627807,VNREAL,1515.6460000000002,1370.6678,1150.312222222222,68.46695900152311,58.5594416365318,58.496834762179596,0.06260687435220547,1603.1426928457772,1428.1493071542232,1.074085150518278,2.238951584477745
2025-08-11,1588.45,1604.84,1574.58,1580.24,192288746,VNREAL,1521.9295,1376.2476000000001,1153.6974803149606,66.74522752586144,57.95245906412583,58.38795962256884,-0.4355005584430103,1609.007079560448,1434.851920439552,-0.5168560546444656,2.195332125653618
2025-08-12,1579.71,1589.88,1561.21,1586.46,188638557,VNREAL,1529.162,1381.8872000000001,1157.0784375,67.41380228926928,57.31265836991474,58.17289937203803,-0.8602410021232885,1612.1531448922547,1446.1708551077454,0.3936110970485407,2.173543550835056
2025-08-13,1587.22,1600.42,1570.18,1600.42,218238043,VNREAL,1535.3475,1387.78,1160.5151937984494,68.92389063770538,57.27187254544833,57.99269400672009,-0.7208214612717612,1620.2958436535087,1450.3991563464915,0.8799465476595714,2.12879270256081
2025-08-14,1606.56,1622.26,1592.96,1619.49,179072712,VNREAL,1539.5390000000002,1394.1372000000001,1164.0457692307693,70.90725851226742,58.10850048872453,58.015855303120986,0.09264518560354418,1632.451567140471,1446.6264328595294,1.1915622149185845,1.96780455798714
2025-08-15,1621.24,1675.4,1541.35,1607.22,198440263,VNREAL,1543.387,1400.5608,1167.4287786259542,67.90427926846752,57.12296966948247,57.83727817639329,-0.7143085069108182,1640.940240761949,1445.8337592380508,-0.7576459255691614,1.9767861868361554
2025-08-18,1606.33,1618.02,1585.57,1617.63,196524613,VNREAL,1550.3925,1408.3354000000002,1170.8393939393939,69.09995018491747,56.53028347583722,57.57587923628208,-1.0455957604448542,1648.1527179072043,1452.6322820927955,0.6477022436256474,1.7738731175955997
2025-08-19,1623.49,1646.79,1598.07,1626.26,252008601,VNREAL,1555.323,1416.0454,1174.2636090225565,70.09457493587182,56.11014148963818,57.2827316869533,-1.1725901973151167,1658.0730755487027,1452.5729244512975,0.5334965350543674,1.6356525309375014
2025-08-20,1632.41,1675.44,1597.63,1672.96,245883393,VNREAL,1563.758,1424.8404,1177.985223880597,74.81822017600886,58.86689473133856,57.599564295830355,1.2673304355082067,1676.107590606618,1451.408409393382,2.8716195442303194,1.6685086699580354
2025-08-21,1657.06,1678.68,1630.76,1669.09,170966886,VNREAL,1571.3565,1433.9688,1181.623037037037,73.77821805947956,60.04717838530496,58.08908711372528,1.9580912715796828,1690.759865953618,1451.9531340463823,-0.23132651109412095,1.675590711863004
2025-08-22,1661.77,1672.78,1617.49,1647.04,268842308,VNREAL,1577.595,1443.0947999999999,1185.0452205882352,67.9800519304963,58.52862935766848,58.176995562513916,0.3516337951545623,1699.217070452092,1455.972929547908,-1.3210791509145725,1.723976532385531
2025-08-25,1653.21,1703.4,1641.55,1672.48,135142169,VNREAL,1583.4940000000001,1452.7033999999999,1188.6031386861314,70.82853671539425,58.70129175074317,58.28185480015977,0.41943695058339614,1711.6677950719995,1455.3202049280007,1.5445890810180662,1.6986776577220895
2025-08-26,1671.73,1755.82,1638.51,1746.04,126294537,VNREAL,1595.9244999999999,1463.3134,1192.6425362318842,77.15651452259672,64.03564215271626,59.43261227067107,4.603029882045192,1736.5691224728384,1455.2798775271613,4.3982588730507866,1.6431779968018456
2025-08-27,1749.24,1761.69,1718.39,1732.6,205162362,VNREAL,1608.2710000000002,1473.5044,1196.5271223021582,73.99809717348644,66.41308885337662,60.828707587212186,5.584381266164435,1751.4931226516462,1465.0488773483542,-0.7697418157659675,1.6423973773413307
2025-08-28,1736.22,1745.25,1703.42,1725.92,105230208,VNREAL,1620.807,1483.3894,1200.3085,72.41150121244256,66.98603895955353,62.060173861680454,4.925865097873071,1758.78114572456,1482.83285427544,-0.38554773173264945,1.628659565589119
2025-08-29,1734.93,1741.95,1699.76,1715.09,154860644,VNREAL,1633.074,1493.4107999999999,1203.9594326241136,69.7985640957381,65.80762620559472,62.80966433046331,2.997961875131402,1757.4559154903707,1508.6920845096295,-0.627491424863269,1.639401064284993
2025-09-03,1702.54,1726.8,1682.71,1701.99,166874568,VNREAL,1642.0220000000002,1502.3308000000002,1207.466690140845,66.66494328184379,63.08940964673138,62.86561339371693,0.22379625301445571,1758.573310877954,1525.4706891220462,-0.7638083132663565,1.5296329991202602
2025-09-04,1705.48,1713.3,1678.8,1701.73,123634233,VNREAL,1648.4689999999998,1510.6524,1210.923076923077,66.60103345237584,60.22004442657612,62.336499600288775,-2.1164551737126516,1763.145375376425,1533.7926246235747,-0.015276235465544463,1.3949445083972087
2025-09-05,1701.8,1744.71,1645.23,1686.96,199806413,VNREAL,1653.482,1518.6288,1214.2288888888888,62.911334979403364,56.10746433184977,61.09069254660098,-4.9832282147512075,1765.5245031382053,1541.4394968617946,-0.8679402725461749,1.4180137424250154
2025-09-08,1682.59,1702.2,1668.39,1672.57,187454168,VNREAL,1658.532,1526.5654000000002,1217.3898620689656,59.45539524273541,51.09803588917998,59.09216121511678,-7.9941253259368,1763.9374407064806,1553.1265592935192,-0.853013705126382,1.4134462753470556
2025-09-09,1674.38,1702.59,1667.73,1702.59,111926735,VNREAL,1664.239,1534.9368,1220.7131506849314,63.90953933705323,48.985714050744264,57.070871782242286,-8.085157731498022,1765.9632729197597,1562.5147270802404,1.7948426672725226,1.4425399149526674
2025-09-10,1704.88,1724.91,1682.19,1709.51,83559667,VNREAL,1670.7025,1543.3318000000002,1224.038299319728,64.86765603164028,47.32454207988167,55.12160584177016,-7.797063761888495,1766.1904726512914,1575.2145273487088,0.40643960084343345,1.4277910422627884
2025-09-11,1698.3,1759.2,1677.74,1756.71,128751725,VNREAL,1679.2149999999997,1552.7766000000001,1227.6374324324324,70.60068107752184,49.24898521291061,53.94708171599826,-4.698096503087648,1773.4281005528985,1585.0018994471009,2.7610250890606203,1.5219610320689572
2025-09-12,1750.67,1810.8,1733.18,1771.65,111411832,VNREAL,1687.7765,1562.4526,1231.288523489933,72.14984580200117,51.387292679381744,53.43512390867496,-2.047831229293216,1782.9562258984627,1592.5967741015372,0.8504534043752177,1.5216100320119734
2025-09-15,1768.01,1775.82,1726.41,1774.66,90154365,VNREAL,1695.5349999999999,1572.2975999999999,1234.911,72.46465788149227,52.717108584116886,53.29152084376335,-0.5744122596464649,1792.556881525448,1598.5131184745517,0.16989811757401885,1.5150257524583683
2025-09-16,1781.84,1782.67,1726.91,1742.91,108324215,VNREAL,1702.3195,1581.6552,1238.2752317880795,64.21859737522051,50.62545883900498,52.75830844281168,-2.1328496038067044,1792.040915263266,1612.598084736734,-1.7890750904398622,1.5753424140991161
2025-09-17,1730.6,1788.0,1729.13,1774.56,123283015,VNREAL,1710.166,1591.3341999999998,1241.8034210526316,68.11386114981434,50.93455993512521,52.39355874127439,-1.4589988061491823,1796.069502630637,1624.2624973693628,1.8159285333149588,1.6056851655779627
2025-09-18,1781.41,1824.79,1703.8,1786.21,112111431,VNREAL,1718.1634999999999,1600.942,1245.361633986928,69.43293801420982,51.52562706245453,52.219972405510426,-0.6943453430558932,1800.9002147611934,1635.4267852388064,0.6565007663871691,1.6061520320419365
2025-09-19,1792.57,1824.74,1696.66,1816.6,122141095,VNREAL,1725.3455,1610.6296,1249.070974025974,72.61540528678094,53.825800714208754,52.541138067250095,1.2846626469586582,1816.1086324353403,1634.5823675646595,1.7013677003263838,1.5342318362745044
2025-09-22,1801.13,1821.91,1725.49,1780.26,140714048,VNREAL,1730.904,1618.5428,1252.498,64.0304905908056,52.11561425089121,52.45603330397832,-0.3404190530871105,1820.7731763562392,1641.0348236437608,-2.0004403831333173,1.6224504767188834
2025-09-23,1769.57,1785.49,1725.29,1773.83,64878963,VNREAL,1737.2435,1625.692,1255.8398717948717,62.61980680311612,49.66887996480614,51.89860263614389,-2.229722671337754,1819.7935331282501,1654.69346687175,-0.36118319795984677,1.5846301738032673
2025-09-24,1768.08,1790.82,1725.77,1781.1,114020843,VNREAL,1742.6744999999999,1632.2225999999998,1259.1854777070064,63.5963597198236,47.76583880089538,51.072049869094194,-3.306211068198813,1821.4921834219424,1663.8568165780573,0.4098476178664212,1.561000171651492
2025-09-25,1783.95,1836.3,1770.07,1836.3,156681173,VNREAL,1747.1875,1640.1124,1262.8381012658228,70.00410713168591,50.13393089411761,50.884426074098876,-0.7504951799812645,1836.4595780005031,1657.9154219994969,3.09920835438775,1.4015435009222623
2025-09-26,1837.05,1879.47,1827.69,1865.96,137530015,VNREAL,1753.8555000000001,1647.8974000000003,1266.631320754717,72.77688535219866,53.78398674044138,51.46433820736738,2.3196485330739947,1857.3319256854345,1650.3790743145657,1.6152044872842275,1.4106053524195628
2025-09-29,1857.34,1948.18,1844.28,1919.36,134965285,VNREAL,1763.5275000000001,1655.5714,1270.710875,76.91447882064159,60.29062323838252,53.22959521357042,7.061028024812103,1889.6856349985705,1637.3693650014297,2.861797680550482,1.5016978905212977
2025-09-30,1928.76,1986.76,1871.03,1926.53,188587070,VNREAL,1774.0994999999998,1663.4968000000001,1274.7842857142857,77.41092372725038,65.27330854886759,55.638337880629855,9.634970668237735,1917.4347245207812,1630.7642754792184,0.3735620206735568,1.4771052628912136
2025-10-01,1923.73,1934.37,1886.56,1898.66,77587774,VNREAL,1783.9329999999998,1671.9196,1278.6353703703703,71.01796236671765,66.21001859498688,57.752674023501264,8.457344571485613,1933.2967523983916,1634.569247601608,-1.446642408890586,1.5174636558030485
2025-10-02,1894.88,1925.62,1856.58,1877.43,92856652,VNREAL,1792.718,1678.9152,1282.3089570552147,66.51190296955187,64.49581685226008,59.10130258925303,5.394514263007046,1942.3921030372385,1643.0438969627617,-1.1181570160007648,1.5589089368012596
2025-10-03,1880.61,1915.92,1863.72,1903.28,132123301,VNREAL,1803.534,1686.8956,1286.0953658536587,69.08410876306714,64.47989449710644,60.17702097082371,4.302873526282731,1952.2906614023752,1654.777338597625,1.3768822273000803,1.5355707094903313
2025-10-06,1965.99,1980.23,1869.85,1955.62,100060136,VNREAL,1817.6864999999998,1695.6656,1290.153090909091,73.51921434391909,67.9078767601959,61.72319212869815,6.184684631497753,1967.8326060048612,1667.5403939951384,2.7499894918246337,1.5651937309643846
2025-10-07,1968.63,1999.94,1910.15,1949.06,91372913,VNREAL,1830.0099999999998,1704.2014,1294.1224096385542,72.12268873030426,69.2964340687679,63.237840516712104,6.05859355205579,1980.8376964653862,1679.1823035346133,-0.33544349106676696,1.5661544527677778
2025-10-08,1954.44,2011.72,1918.59,1963.23,128311075,VNREAL,1842.696,1712.376,1298.1290419161676,73.30238760697966,70.725002512022,64.73527291577409,5.989729596247912,1993.5297167947122,1691.8622832052877,0.7270171262044212,1.564740971171883
2025-10-09,1966.42,2023.32,1957.46,2008.93,130720150,VNREAL,1855.307,1722.606,1302.3600000000001,76.72351133366557,74.6838524033235,66.72498881328397,7.9588635900395275,2017.6099994339768,1693.0040005660233,2.3277965393764477,1.5375559128048342
2025-10-10,2018.37,2117.2,2008.93,2117.15,130842158,VNREAL,1872.5819999999999,1735.2356,1307.1812426035503,82.45657490251834,85.56735186342212,70.4934614233116,15.073890440110517,2067.636919510546,1677.5270804894537,5.38694728039304,1.8634497717267897
2025-10-13,2110.85,2214.95,2008.81,2208.16,208118034,VNREAL,1894.257,1749.8947999999998,1312.481117647059,85.65620413028438,100.37924059297575,76.47061725724443,23.90862333573132,2134.584962856029,1653.929037143971,4.298703445669871,2.0006708275270326
2025-10-14,2267.24,2318.87,2198.43,2243.24,211602027,VNREAL,1919.2735,1765.3645999999999,1317.9241520467835,86.66571317582083,113.63847830880331,83.90418946755621,29.734288841247107,2194.845624728484,1643.701375271516,1.5886529961596896,1.8814105722808376
2025-10-15,2245.59,2320.99,2179.32,2220.59,163473076,VNREAL,1941.575,1779.3157999999999,1323.1722093023257,82.62240134190782,120.92490696583286,91.30833296721156,29.616573998621305,2239.1502814791097,1643.9997185208904,-1.0097002549882994,1.9445841938910242
2025-10-16,2231.49,2275.37,2200.12,2254.32,216030335,VNREAL,1964.9805000000001,1792.9464,1328.5545664739884,83.83209781113271,127.94629799950735,98.63592597367071,29.310372025836642,2283.969786041831,1645.9912139581695,1.5189656802921725,1.942740979868818
2025-10-17,2263.98,2283.61,2144.51,2170.93,206941647,VNREAL,1982.6970000000001,1804.6309999999999,1333.395804597701,70.72409909289497,125.33711663843201,103.97616410662297,21.360952531809033,2306.3125022700196,1659.0814977299806,-3.699119911991211,2.2227898815823646
2025-10-20,2134.59,2170.93,2048.01,2048.86,208675745,VNREAL,1996.127,1814.1768,1337.4841714285715,56.73843578202334,112.12676524000017,105.60628433329842,6.520480906701749,2306.3875776881296,1685.8664223118703,-5.622935792494443,2.5903356208759796
2025-10-21,2047.94,2123.95,1975.29,2101.85,216902422,VNREAL,2012.5279999999998,1824.4448000000002,1341.827159090909,60.39933506895174,104.7260994407734,105.43024735479342,-0.7041479140200266,2307.619159624318,1717.4368403756819,2.586316292962909,2.6083479360030144
2025-10-22,2114.06,2149.57,2007.12,2115.7,143262323,VNREAL,2029.2580000000003,1835.154,1346.1993220338984,61.320644111486914,98.83924048763788,104.11204598136231,-5.272805493724434,2306.5045931526315,1752.011406847369,0.6589433118443289,2.606556573466423
2025-10-23,2114.99,2199.91,2082.2,2186.53,105521976,VNREAL,2046.7694999999999,1847.1554,1350.9202808988764,65.71377980036415,98.7509123564048,103.03981925637082,-4.2889068999660225,2316.8496394888557,1776.689360511144,3.347828141986131,2.618179385708585
2025-10-24,2184.53,2223.34,2164.7,2205.19,117756586,VNREAL,2063.7309999999998,1859.2507999999998,1355.6927374301677,66.78411615820036,99.04488989055085,102.24083338320682,-3.195943492655971,2328.5573455569643,1798.9046544430353,0.8534069964738489,2.612905773440568
2025-10-27,2230.16,2249.33,2126.36,2127.58,115580944,VNREAL,2074.142,1869.4126,1359.981,58.591443659323815,91.95538636442006,100.18374397944947,-8.22835761502941,2331.3323447970906,1816.9516552029093,-3.519424630077228,2.7433928067517175
2025-10-28,2111.26,2175.59,2005.45,2173.56,150463482,VNREAL,2086.4934999999996,1880.7394,1364.47591160221,61.597183934434106,89.02092763181668,97.95118070992292,-8.930253078106247,2337.487772970948,1835.4992270290513,2.1611408266669185,2.7662910619338437
2025-10-29,2171.16,2227.16,2093.27,2123.39,125779151,VNREAL,2097.7300000000005,1890.8546,1368.6457692307692,56.75619129496035,81.70520152927156,94.70198487379267,-12.996783344521106,2332.9436065702707,1862.5163934297302,-2.308194850843781,2.8069303934568994
2025-10-30,2114.19,2126.37,2056.89,2087.26,126506974,VNREAL,2108.2215,1900.0746,1372.5726229508198,53.49557306281214,72.16022863948001,90.19363362693014,-18.033404987450126,2319.569027648569,1896.8739723514316,-1.701524449112013,2.828654778142642
2025-10-31,2083.27,2098.45,1975.27,1990.18,121399714,VNREAL,2112.5665,1906.4189999999999,1375.9291847826087,45.87015880726182,56.11536123420774,83.37797914838566,-27.262617914177923,2309.237285380315,1915.895714619685,-4.651073656372473,3.0505212458148656
2025-11-03,1991.53,2034.63,1933.51,1981.23,145928953,VNREAL,2113.847,1912.6617999999999,1379.2010810810812,45.23005463036163,42.19114476302025,75.14061227131258,-32.94946750829233,2306.507824641606,1921.1861753583944,-0.4497080666070463,2.996930891162509
2025-11-04,1991.84,2065.82,1972.8,2040.76,170237780,VNREAL,2118.4320000000002,1920.5362000000002,1382.7578494623656,50.20724345855986,35.5498794962723,67.22246571630453,-31.67258622003223,2298.536021475323,1938.3279785246773,3.0046991010634683,3.0632556319497235
2025-11-05,2042.54,2092.45,2019.93,2053.87,80466264,VNREAL,2122.964,1928.164,1386.3466844919785,51.257750270378544,30.98729412208172,59.97543139745997,-28.98813727537825,2290.7657242744494,1955.1622757255502,0.6424077304533649,3.062656798080353
2025-11-06,2049.99,2084.79,2018.81,2052.1,84099862,VNREAL,2125.1225,1934.2851999999998,1389.8879255319148,51.1009967393446,26.91829083321977,53.36400328461193,-26.44571245139216,2287.7797175983806,1962.4652824016196,-0.08617877470336044,3.0246517818969356
2025-11-07,2040.26,2052.1,1963.01,1965.81,108513944,VNREAL,2117.5555,1938.9494,1392.9351322751322,44.031434640804655,16.540031380883647,45.999208903866275,-29.45917752298263,2295.167870180281,1939.9431298197185,-4.204960771892208,2.908805383056059
2025-11-10,1954.5,1979.92,1909.78,1925.74,84356303,VNREAL,2103.4345000000003,1942.9458,1395.7393684210526,41.182273467654696,5.023958802775269,37.80415888364807,-32.7802000808728,2295.0702232355297,1911.7987767644709,-2.038345516606388,2.7169321860907365
2025-11-11,1926.88,1974.18,1912.63,1956.06,86338690,VNREAL,2089.0755,1947.7651999999998,1398.6729842931936,44.12832546082604,-1.6371688160022586,29.915893343718004,-31.553062159720263,2279.6371282659566,1898.5138717340433,1.5744596882237394,2.7163194352858926
2025-11-12,1959.46,2044.63,1950.52,2040.14,83995643,VNREAL,2080.053,1954.5281999999997,1402.0139583333332,51.39828446706377,-0.13010733423516285,23.906693208127372,-24.036800542362535,2261.254107595092,1898.8518924049074,4.298436653272408,2.929954215743057
2025-11-13,2040.99,2061.06,2010.3,2035.21,65433906,VNREAL,2069.0975,1961.1978,1405.2947668393783,50.979419479765724,0.6588451923257708,19.257123604967052,-18.59827841264128,2231.4500691528474,1906.744930847152,-0.24165008283745237,2.8960948862564613
2025-11-14,2028.44,2042.64,2009.22,2041.44,71496690,VNREAL,2062.623,1968.2874,1408.5738659793815,51.51711902026264,1.7664422408581686,15.758987332145276,-13.992545091287107,2218.0571225288695,1907.1888774711306,0.306110917300928,2.797848553166725
2025-11-17,2049.32,2105.98,2041.44,2086.11,96002430,VNREAL,2064.4855,1976.5582000000002,1412.0484102564103,55.302881243592736,6.177506113744357,13.842691088465093,-7.665184974720736,2220.1178139866715,1908.8531860133282,2.188161297907354,2.544979880658837
2025-11-18,2088.34,2108.6,2004.18,2108.5,73598615,VNREAL,2064.818,1984.6764,1415.6017346938775,57.1106273415186,11.349165773541017,13.343986025480278,-1.9948202519392613,2220.8144174487543,1908.8215825512461,1.0732895197280934,2.4897290732101007
2025-11-19,2106.64,2129.37,2089.97,2098.86,78300788,VNREAL,2063.9759999999997,1992.4633999999999,1419.0700507614213,56.05935883539036,14.502697805877233,13.57572838155967,0.9269694243175621,2218.994770530687,1908.9572294693123,-0.4571970595209751,2.4877608462171397
2025-11-20,2101.2,2150.22,2093.41,2141.75,65415720,VNREAL,2061.737,2000.1642000000002,1422.7199494949493,59.6207423901742,20.22956537758364,14.906495780764466,5.323069596819174,2210.4687904077623,1913.0052095922379,2.043490275673454,2.4110031689519897
2025-11-21,2120.51,2162.84,2104.15,2156.96,102091060,VNREAL,2059.3255,2007.8703999999998,1426.4095979899498,60.83309639002721,25.69922441094195,17.065041506799965,8.634182904141987,2199.586753152085,1919.064246847915,0.7101669195751059,2.4083094061531773
2025-11-24,2155.09,2245.59,2155.09,2224.25,87715775,VNREAL,2064.159,2016.8622,1430.3988,65.73463551001629,35.05956440105547,20.663946085651066,14.395618315404402,2220.1090259901216,1908.2089740098786,3.1196684222238646,2.366883330248708
2025-11-25,2231.5,2306.89,2219.74,2230.55,99682879,VNREAL,2067.0085,2026.615,1437.30095,66.16160582669585,42.49618901552003,25.03039467162486,17.46579434389517,2233.126367764218,1900.890632235782,0.28324154209284913,2.3239005607929735
2025-11-26,2251.88,2259.17,2205.32,2249.96,83289508,VNREAL,2073.337,2036.1230000000003,1444.2983500000003,67.50507449553386,49.3866933258214,29.90165440246417,19.485038923357227,2257.195253766043,1889.478746233957,0.8701889668467411,2.2542023742644846
2025-11-27,2259.37,2299.16,2245.99,2262.63,69944973,VNREAL,2082.1055,2045.6513999999997,1451.35755,68.38737024183438,55.233137519637694,34.96795102589888,20.265186493738817,2284.5477366451696,1879.6632633548309,0.5631211221532872,2.2039390107355086
2025-11-28,2260.2,2333.92,2259.9,2323.54,75158764,VNREAL,2098.7735000000002,2055.7902000000004,1458.7037,72.28350222360443,64.04316487924143,40.78299379656739,23.26017108267404,2323.063001293597,1874.483998706403,2.692000017678531,1.9047148852815317
2025-12-01,2357.18,2432.45,2323.54,2375.66,66635948,VNREAL,2118.495,2067.6982000000003,1466.29335,75.11029092340726,74.37349212817026,47.501093462887965,26.87239866528229,2367.291414384393,1869.6985856156066,2.2431290186525787,1.9073040124597482
2025-12-02,2376.16,2408.01,2335.64,2402.84,85036666,VNREAL,2136.5989999999997,2080.2784,1474.0174,76.45868090437298,83.7876973274374,54.75841423579786,29.02928309163954,2412.767376397642,1860.4306236023574,1.1441031123982537,1.8451045291511243
2025-12-03,2422.18,2422.18,2362.85,2379.91,77661265,VNREAL,2152.9010000000003,2092.2546,1481.6044,72.8719769318353,88.37947977897238,61.48262734443277,26.89685243453961,2446.4522754564528,1859.3497245435478,-0.9542874265452639,1.887975311415992
2025-12-04,2373.66,2385.52,2334.94,2367.94,85653740,VNREAL,2168.693,2102.8874,1489.0653999999997,70.99957424285766,90.01498477913265,67.18909883137275,22.8258859477599,2473.189773267848,1864.1962267321524,-0.5029601959737895,1.9000261033632118
2025-12-05,2457.05,2472.18,2426.94,2456.32,70378202,VNREAL,2193.2185,2114.6946,1496.9293499999999,75.91940768167422,97.3208079584133,73.21544065678086,24.10536730163244,2507.760650084858,1878.6763499151423,3.73235808339738,1.6224527693315842
2025-12-08,2546.32,2557.85,2512.13,2557.78,77956631,VNREAL,2224.8205000000003,2127.4629999999997,1505.3255000000001,80.09432977047348,110.02934967484771,80.57822246039423,29.45112721445348,2552.9206904409293,1896.7203095590712,4.130569306930698,1.5735919499087503
2025-12-09,2661.76,2661.96,2524.28,2608.25,105055906,VNREAL,2257.4300000000003,2141.0974,1513.96155,81.78597849325587,122.75838549627224,89.01425506756983,33.744130428702405,2602.273099760801,1912.5869002391998,1.9731955054773875,1.5778942574727808
2025-12-10,2602.6,2602.6,2459.07,2473.28,72065298,VNREAL,2279.0870000000004,2152.5898,1521.911,65.70476335153138,120.56548324244523,95.32450070254492,25.2409825399003,2620.8626702929814,1937.3113297070192,-5.174734017061244,2.0364509723710973
2025-12-11,2431.83,2461.54,2364.95,2435.25,78251159,VNREAL,2299.089,2163.7462,1529.6743,62.00526902837369,114.43969961631365,99.14754048529868,15.29215913101497,2627.3250136692495,1970.8529863307504,-1.5376342347004912,2.097316476309712
2025-12-12,2447.7,2447.7,2297.93,2355.23,119298213,VNREAL,2314.7785,2172.7852,1536.9939000000002,54.98940110639163,101.95277854608184,99.70858809745532,2.244190448626526,2620.3772323117237,2009.1797676882761,-3.285904937891382,2.2971395915891493
2025-12-15,2355.53,2403.26,2303.42,2338.21,90398166,VNREAL,2327.3835,2180.437,1544.20435,53.60020065424582,89.65000245349438,97.69687096866313,-8.046868515168754,2613.441025114693,2041.3259748853068,-0.7226470450868883,2.292945577219823
2025-12-16,2338.42,2419.65,2251.37,2365.94,99754945,VNREAL,2340.2555,2188.7746,1551.4946,55.569631947183225,81.20150263789446,94.3977973025094,-13.196294664614939,2607.3845486066243,2073.126451393376,1.1859499360622028,2.294314817086369
2025-12-17,2371.37,2392.91,2283.22,2358.69,56605073,VNREAL,2353.2470000000003,2196.6838000000002,1558.7551999999998,54.913372349895184,73.07858679788978,90.13395520158548,-17.055368403695695,2595.013578518264,2111.480421481737,-0.3064321157763894,2.29089392622619
2025-12-18,2359.42,2360.44,2324.65,2360.44,66056094,VNREAL,2364.1815,2203.7140000000004,1566.0341999999998,55.05135974975248,66.02127567768275,85.31141929680494,-19.29014361912219,2584.502851549113,2143.860148450887,0.0741937261785175,2.268262590760559
2025-12-19,2362.82,2486.47,2306.2,2455.83,90542685,VNREAL,2379.125,2210.4876,1573.7489500000001,61.896816412221405,67.34912279800255,81.71895999704446,-14.36983719904191,2579.9468109878208,2178.3031890121792,4.041195709274548,2.4019439184217917
2025-12-22,2506.54,2591.81,2491.88,2591.68,91859437,VNREAL,2397.4965,2218.1580000000004,1582.04385,69.11159257116992,78.45898452705069,81.06696490304572,-2.6079803759950266,2605.75128881461,2189.2417111853906,5.531734688475987,2.584584301344816
2025-12-23,2645.3,2733.21,2634.98,2731.65,88294735,VNREAL,2422.5515,2227.9262,1590.9927000000002,74.47445468026753,97.43487067343267,84.3405460571231,13.094324616309564,2664.1427765308313,2180.960223469169,5.40074391900236,2.7769904964428993
2025-12-24,2779.46,2811.46,2673.03,2767.19,86143180,VNREAL,2448.413,2238.8582,1600.10985,75.6313644036986,114.02674875765251,90.27778659722898,23.74896216042353,2720.9649417111787,2175.8610582888214,1.3010451558581826,2.777153413721552
2025-12-25,2751.51,2852.41,2599.84,2600.28,90181833,VNREAL,2465.2955,2245.7774,1608.3555,61.52736250352806,112.41187547597201,94.70460437297758,17.707271102994426,2731.1405482181544,2199.450451781846,-6.031750620665721,3.200553089830451
2025-12-26,2450.0,2552.6,2436.45,2547.86,129968955,VNREAL,2476.5115,2253.3160000000003,1616.2691999999997,57.87692265307421,105.68396193076933,96.90047588453594,8.783486046233392,2736.0275892101968,2216.9954107898034,-2.0159367452735832,3.2230006890864074
2025-12-29,2555.77,2632.57,2551.21,2632.46,69579714,VNREAL,2489.3514999999998,2264.9880000000003,1624.5801500000002,61.81453543934425,105.95714690896375,98.7118100894215,7.245336819542246,2753.2324341769745,2225.470565823025,3.3204336188016548,3.2622313442604853
2025-12-30,2643.37,2665.57,2553.31,2663.96,71951896,VNREAL,2502.4075000000003,2276.2302,1632.9993500000003,63.19414042153905,107.47651238294566,100.46475054812635,7.0117618348193105,2773.9923829895156,2230.822617010485,1.1965993785280737,3.262742760547067
2025-12-31,2624.73,2774.04,2621.29,2757.18,85184292,VNREAL,2521.2709999999997,2289.0598,1641.9459,66.99451200432455,114.87844815449262,103.34749006939961,11.530958085093005,2808.961957280656,2233.5800427193435,3.499301791318188,3.30509706343349
2026-01-05,2769.26,2851.04,2741.63,2831.94,92187405,VNREAL,2544.4710000000005,2301.9680000000003,1651.2492000000002,69.69686189777477,125.33229016177893,107.74445008787548,17.58784007390345,2854.098601374037,2234.843398625964,2.711466063151491,3.317024095826174
2026-01-06,2862.84,2906.01,2852.76,2877.85,98960459,VNREAL,2565.5475,2315.4211999999998,1660.8028,71.25341643749732,135.75667019413413,113.34689410912722,22.40977608500691,2905.784422584075,2225.3105774159253,1.6211501656108407,3.256906894027979
2026-01-07,2918.92,2973.14,2845.19,2973.14,101041091,VNREAL,2586.3154999999997,2332.3324,1670.7836500000003,74.21404959039089,149.97831642809751,120.67317857292129,29.305137855176227,2972.2008503295447,2200.4301496704547,3.311152422815633,3.218334034530733
2026-01-08,3019.45,3081.44,2888.72,2890.72,122110088,VNREAL,2600.439,2346.6756,1680.19375,67.71768446208176,152.83666243558355,127.10587534545375,25.730787090129795,3009.675041624169,2191.202958375831,-2.7721533462938153,3.301498623496443
2026-01-09,2879.85,2931.99,2825.86,2868.88,181908822,VNREAL,2620.219,2361.5854,1689.4598999999998,66.0673354584369,151.59215674417692,132.0031316251984,19.589025118978526,3041.6372434489367,2198.8007565510634,-0.755521115846558,3.034014322064009
2026-01-12,2849.49,2851.46,2707.74,2710.05,151215690,VNREAL,2633.959,2374.0412,1697.9453499999997,55.47819715254397,136.21937129655998,132.84637955947073,3.372991737089251,3047.836345466667,2220.0816545333328,-5.536306851454221,3.3141738851904936
2026-01-13,2652.73,2818.71,2607.27,2772.4,121576051,VNREAL,2654.8175,2389.6856,1706.75055,58.303481898292624,127.59659783991947,131.79642321556048,-4.199825375641012,3051.2285534799216,2258.4064465200786,2.300695559122512,3.204045625643699
2026-01-14,2801.89,2803.77,2632.9,2655.62,148251310,VNREAL,2670.6879999999996,2403.1734,1714.96175,51.68753514639303,110.070987891384,127.45133615072518,-17.38034825934119,3038.0816839614217,2303.2943160385776,-4.21223488674074,3.385108656176155
2026-01-15,2641.93,2643.45,2522.13,2563.79,152684795,VNREAL,2680.5805,2413.634,1722.7231499999998,47.15609602618576,87.76025658821345,119.51312023822284,-31.752863650009388,3023.2464177360703,2337.91458226393,-3.4579495560358775,3.5066239399753316
2026-01-16,2570.84,2682.09,2570.68,2645.59,97059492,VNREAL,2694.9255000000003,2425.4683999999997,1730.7964000000002,51.25557516203713,75.8055781417047,110.77161181891921,-34.96603367721451,3003.1427622970746,2386.708237702926,3.1905889327909165,3.5532162194404893
2026-01-19,2704.23,2704.23,2624.56,2673.0,107417334,VNREAL,2710.5535,2437.8864000000003,1739.0060500000002,52.58299504862301,67.76204855379365,102.16969916589412,-34.40765061210047,2976.1037425867908,2445.003257413209,1.036063789173669,3.5517221832025423
2026-01-20,2654.13,2671.19,2578.48,2649.65,111812308,VNREAL,2720.2445,2451.5631999999996,1747.44505,51.301330041884455,58.825242767779855,93.50080788627128,-34.67556511849142,2959.4987312643675,2480.990268735632,-0.8735503179947646,3.4764432726234933
2026-01-21,2619.44,2689.57,2610.81,2638.85,108729427,VNREAL,2722.603,2465.8254,1755.87325,50.68595707613412,50.29156025431894,84.85895835988082,-34.56739810556188,2957.4096495158324,2487.7963504841678,-0.40760100390618836,3.265738658362014
2026-01-22,2634.92,2652.36,2600.57,2646.46,161984310,VNREAL,2718.3435,2479.6334,1764.6291,51.130783674190916,43.63956899443565,76.61508048679178,-32.975511492356134,2955.5377637342435,2481.1492362657564,0.2883831972260609,3.0234967823403665
2026-01-23,2679.62,2735.98,2659.07,2687.87,89134001,VNREAL,2714.3774999999996,2492.588,1773.6230500000001,53.58430723438404,41.2339397282085,69.53885233507512,-28.304912606866623,2950.7841009297676,2477.9708990702316,1.5647317548725503,3.030560097057169
2026-01-26,2713.13,2713.13,2581.21,2599.42,104753074,VNREAL,2714.3345,2503.8722,1781.8775500000002,48.036704498944,31.82344455121347,61.9957707783028,-30.17232622708933,2950.8287793989525,2477.8402206010473,-3.290709744146847,2.801569520743404
2026-01-27,2593.38,2595.66,2456.94,2472.74,96293724,VNREAL,2710.5785,2512.4982,1789.3062,41.422219972749396,13.982362067229133,52.39308903608807,-38.41072696885894,2960.2255466183647,2460.9314533816355,-4.873394834232259,2.978962240270564
2026-01-28,2459.65,2490.9,2325.17,2341.84,118970011,VNREAL,2696.0474999999997,2517.6128,1795.8630500000002,35.918489701091076,-10.597202409593137,39.79503074695183,-50.39223315654497,2993.998364749998,2398.0966352500013,-5.293722752897578,3.0784112280428886
2026-01-29,2327.28,2373.52,2327.28,2355.48,82777489,VNREAL,2680.6235,2522.5524,1802.5308499999999,36.85992028735093,-28.645838938047746,26.106856809951914,-54.75269574799966,3015.249301520395,2345.9976984796053,0.5824479896149981,3.0632270298828583
2026-01-30,2358.51,2367.51,2228.35,2359.74,104362619,VNREAL,2660.7515,2527.77,1809.3364499999998,37.17037620091716,-42.12023121603352,12.461439204754829,-54.58167042078834,3022.352013406436,2299.1509865935636,0.18085485760863662,2.917719866882975
2026-02-02,2346.97,2359.77,2219.36,2228.84,121246423,VNREAL,2630.5965,2529.5117999999998,1815.4057,31.968790613503657,-62.63925387011341,-2.558699410218818,-60.080554459894586,3030.633731018641,2230.5592689813593,-5.54722130404196,2.9879550252996054
2026-02-03,2180.02,2265.76,2175.3,2228.77,125554306,VNREAL,2598.1425,2530.9480000000003,1821.6150499999997,31.96621445205001,-78.00715761481797,-17.64839105113865,-60.358766563679325,3018.519895600177,2177.765104399823,-0.0031406471527883895,2.93026650767039
2026-02-04,2218.97,2223.31,2107.04,2114.88,110727652,VNREAL,2555.2295,2528.7606,1827.3603999999998,28.011178082732258,-98.24380974967471,-33.76747479084587,-64.47633495882884,2989.4245792455636,2121.0344207544363,-5.109993404433832,2.847489435087795
2026-02-05,2090.19,2223.34,2090.19,2216.78,96854027,VNREAL,2521.5325000000003,2528.4852,1833.681,35.67921008178868,-104.85037413168811,-47.98405465901432,-56.866319472673794,2950.676059533966,2092.3889404660345,4.818240278408226,3.1767753713156437
2026-02-06,2211.1,2290.66,2179.17,2206.77,112332491,VNREAL,2488.427,2527.6214,1839.8614000000002,35.28164136142695,-109.630099797007,-60.313263686612856,-49.31683611039415,2906.765968030281,2070.0880319697194,-0.45155586030188877,3.180091490905086
2026-02-09,2230.69,2232.88,2180.72,2214.81,70339134,VNREAL,2463.665,2526.665,1845.8891,35.89946607824555,-111.48418571944194,-70.54744809317867,-40.936737626263266,2885.3837797074057,2041.9462202925943,0.3643333922429548,3.032245140704555
2026-02-10,2216.37,2332.24,2212.24,2328.98,82189048,VNREAL,2441.4939999999997,2526.7738,1852.3714000000002,44.06528671567165,-102.55876374164109,-76.94971122287116,-25.60905251876993,2840.905052657875,2042.0829473421245,5.154843982102308,3.2529021186259364
